{
"__comment": "Designed by tomaxed with Cubik",
"textures": {
    "particle": "weaponstools/bow2",
    "texture": "weaponstools/bow2",
    "arrow": "weaponstools/arrow_bow"
},
"elements": [ 
{
    "from": [ 7.875, 1.8125, -13 ],
    "to": [ 8.0625, 2, 1.125 ],
    "rotation": { "origin": [ 7.875, 2, -13 ], "axis": "x", "angle": 22.5 },
    "faces": {
        "down":  { "uv": [ 2.5, 15.5, 15, 16 ], "rotation": 270, "texture": "#texture" },
        "up":    { "uv": [ 2.5, 15.5, 15, 16 ], "rotation": 90, "texture": "#texture" },
        "north": { "uv": [ 8.5, 15.5, 9, 16 ], "texture": "#texture" },
        "south": { "uv": [ 8.5, 15.5, 9, 16 ], "texture": "#texture" },
        "west":  { "uv": [ 2.5, 15.5, 15, 16 ], "texture": "#texture" },
        "east":  { "uv": [ 2.5, 15.5, 15, 16 ], "texture": "#texture" }
    }
},
{
    "from": [ 7.75, 2.5, 14 ],
    "to": [ 8.25, 3, 15.5 ],
    "faces": {
        "down":  { "uv": [ 0, 13, 1.5, 13.5 ], "rotation": 90, "texture": "#texture" },
        "up":    { "uv": [ 0, 13, 1.5, 13.5 ], "rotation": 270, "texture": "#texture" },
        "north": { "uv": [ 0, 13, 0.5, 13.5 ], "texture": "#texture" },
        "south": { "uv": [ 0, 13, 0.5, 13.5 ], "texture": "#texture" },
        "west":  { "uv": [ 1.5, 13, 0, 13.5 ], "texture": "#texture" },
        "east":  { "uv": [ 0, 13, 1.5, 13.5 ], "texture": "#texture" }
    }
},
{
    "from": [ 7.75, 2, 11.5 ],
    "to": [ 8.25, 2.5, 15 ],
    "faces": {
        "down":  { "uv": [ 0.5, 13.5, 4, 14 ], "rotation": 90, "texture": "#texture" },
        "up":    { "uv": [ 0.5, 13.5, 4, 14 ], "rotation": 270, "texture": "#texture" },
        "north": { "uv": [ 3.5, 13.5, 4, 14 ], "texture": "#texture" },
        "south": { "uv": [ 0.5, 13.5, 1, 14 ], "texture": "#texture" },
        "west":  { "uv": [ 4, 13.5, 0.5, 14 ], "texture": "#texture" },
        "east":  { "uv": [ 0.5, 13.5, 4, 14 ], "texture": "#texture" }
    }
},
{
    "from": [ 7.75, 1.5, 12.5 ],
    "to": [ 8.25, 2, 14 ],
    "faces": {
        "down":  { "uv": [ 1.5, 14, 3, 14.5 ], "rotation": 90, "texture": "#texture" },
        "north": { "uv": [ 2.5, 14, 3, 14.5 ], "texture": "#texture" },
        "south": { "uv": [ 1.5, 14, 2, 14.5 ], "texture": "#texture" },
        "west":  { "uv": [ 3, 14, 1.5, 14.5 ], "texture": "#texture" },
        "east":  { "uv": [ 1.5, 14, 3, 14.5 ], "texture": "#texture" }
    }
},
{
    "from": [ 7.75, 2.5, 10 ],
    "to": [ 8.25, 3, 12 ],
    "faces": {
        "down":  { "uv": [ 3.5, 13, 5.5, 13.5 ], "rotation": 90, "texture": "#texture" },
        "up":    { "uv": [ 3.5, 13, 5.5, 13.5 ], "rotation": 270, "texture": "#texture" },
        "north": { "uv": [ 5, 13, 5.5, 13.5 ], "texture": "#texture" },
        "south": { "uv": [ 3.5, 13, 4, 13.5 ], "texture": "#texture" },
        "west":  { "uv": [ 5.5, 13, 3.5, 13.5 ], "texture": "#texture" },
        "east":  { "uv": [ 3.5, 13, 5.5, 13.5 ], "texture": "#texture" }
    }
},
{
    "from": [ 7.75, 3, 9 ],
    "to": [ 8.25, 3.5, 10.5 ],
    "faces": {
        "down":  { "uv": [ 5, 12.5, 6.5, 13 ], "rotation": 90, "texture": "#texture" },
        "up":    { "uv": [ 5, 12.5, 6.5, 13 ], "rotation": 270, "texture": "#texture" },
        "north": { "uv": [ 6, 12.5, 6.5, 13 ], "texture": "#texture" },
        "south": { "uv": [ 5, 12.5, 5.5, 13 ], "texture": "#texture" },
        "west":  { "uv": [ 6.5, 12.5, 5, 13 ], "texture": "#texture" },
        "east":  { "uv": [ 5, 12.5, 6.5, 13 ], "texture": "#texture" }
    }
},
{
    "from": [ 7.75, 3.5, 8 ],
    "to": [ 8.25, 4, 10 ],
    "faces": {
        "down":  { "uv": [ 5.5, 12, 7.5, 12.5 ], "rotation": 90, "texture": "#texture" },
        "up":    { "uv": [ 5.5, 12, 7.5, 12.5 ], "rotation": 270, "texture": "#texture" },
        "north": { "uv": [ 7, 12, 7.5, 12.5 ], "texture": "#texture" },
        "south": { "uv": [ 5.5, 12, 6, 12.5 ], "texture": "#texture" },
        "west":  { "uv": [ 7.5, 12, 5.5, 12.5 ], "texture": "#texture" },
        "east":  { "uv": [ 5.5, 12, 7.5, 12.5 ], "texture": "#texture" }
    }
},
{
    "from": [ 7.75, 4, 8 ],
    "to": [ 8.25, 4.5, 9.5 ],
    "faces": {
        "north": { "uv": [ 7, 11.5, 7.5, 12 ], "texture": "#texture" },
        "south": { "uv": [ 6, 11.5, 6.5, 12 ], "texture": "#texture" },
        "west":  { "uv": [ 7.5, 11.5, 6, 12 ], "texture": "#texture" },
        "east":  { "uv": [ 6, 11.5, 7.5, 12 ], "texture": "#texture" }
    }
},
{
    "from": [ 7.75, 4.5, 8 ],
    "to": [ 8.25, 5, 10 ],
    "faces": {
        "down":  { "uv": [ 5.5, 11, 7.5, 11.5 ], "rotation": 90, "texture": "#texture" },
        "north": { "uv": [ 7, 11, 7.5, 11.5 ], "texture": "#texture" },
        "south": { "uv": [ 5.5, 11, 6, 11.5 ], "texture": "#texture" },
        "west":  { "uv": [ 7.5, 11, 5.5, 11.5 ], "texture": "#texture" },
        "east":  { "uv": [ 5.5, 11, 7.5, 11.5 ], "texture": "#texture" }
    }
},
{
    "from": [ 7.75, 5, 6 ],
    "to": [ 8.25, 5.5, 10.5 ],
    "faces": {
        "down":  { "uv": [ 5, 10.5, 9.5, 11 ], "rotation": 90, "texture": "#texture" },
        "up":    { "uv": [ 5, 10.5, 9.5, 11 ], "rotation": 270, "texture": "#texture" },
        "north": { "uv": [ 9, 10.5, 9.5, 11 ], "texture": "#texture" },
        "south": { "uv": [ 5, 10.5, 5.5, 11 ], "texture": "#texture" },
        "west":  { "uv": [ 9.5, 10.5, 5, 11 ], "texture": "#texture" },
        "east":  { "uv": [ 5, 10.5, 9.5, 11 ], "texture": "#texture" }
    }
},
{
    "from": [ 7.75, 5.5, 6 ],
    "to": [ 8.25, 6, 9 ],
    "faces": {
        "up":    { "uv": [ 6.5, 10, 9.5, 10.5 ], "rotation": 270, "texture": "#texture" },
        "north": { "uv": [ 9, 10, 9.5, 10.5 ], "texture": "#texture" },
        "south": { "uv": [ 6.5, 10, 7, 10.5 ], "texture": "#texture" },
        "west":  { "uv": [ 9.5, 10, 6.5, 10.5 ], "texture": "#texture" },
        "east":  { "uv": [ 6.5, 10, 9.5, 10.5 ], "texture": "#texture" }
    }
},
{
    "from": [ 7.75, 6, 2 ],
    "to": [ 8.25, 6.5, 7.5 ],
    "faces": {
        "down":  { "uv": [ 8, 9.5, 13.5, 10 ], "rotation": 90, "texture": "#texture" },
        "up":    { "uv": [ 8, 9.5, 13.5, 10 ], "rotation": 270, "texture": "#texture" },
        "south": { "uv": [ 8, 9.5, 8.5, 10 ], "texture": "#texture" },
        "west":  { "uv": [ 13.5, 9.5, 8, 10 ], "texture": "#texture" },
        "east":  { "uv": [ 8, 9.5, 13.5, 10 ], "texture": "#texture" }
    }
},
{
    "from": [ 7.75, 5.5, 5 ],
    "to": [ 8.25, 6, 5.5 ],
    "faces": {
        "down":  { "uv": [ 10, 10, 10.5, 10.5 ], "texture": "#texture" },
        "north": { "uv": [ 10, 10, 10.5, 10.5 ], "texture": "#texture" },
        "south": { "uv": [ 10, 10, 10.5, 10.5 ], "texture": "#texture" },
        "west":  { "uv": [ 10, 10, 10.5, 10.5 ], "texture": "#texture" },
        "east":  { "uv": [ 10, 10, 10.5, 10.5 ], "texture": "#texture" }
    }
},
{
    "from": [ 7.75, 5.5, 4 ],
    "to": [ 8.25, 6, 4.5 ],
    "faces": {
        "down":  { "uv": [ 11, 10, 11.5, 10.5 ], "texture": "#texture" },
        "north": { "uv": [ 11, 10, 11.5, 10.5 ], "texture": "#texture" },
        "south": { "uv": [ 11, 10, 11.5, 10.5 ], "texture": "#texture" },
        "west":  { "uv": [ 11, 10, 11.5, 10.5 ], "texture": "#texture" },
        "east":  { "uv": [ 11, 10, 11.5, 10.5 ], "texture": "#texture" }
    }
},
{
    "from": [ 7.75, 5.5, 2 ],
    "to": [ 8.25, 6, 3.5 ],
    "faces": {
        "down":  { "uv": [ 12, 10, 13.5, 10.5 ], "rotation": 90, "texture": "#texture" },
        "south": { "uv": [ 12, 10, 12.5, 10.5 ], "texture": "#texture" },
        "west":  { "uv": [ 13.5, 10, 12, 10.5 ], "texture": "#texture" },
        "east":  { "uv": [ 12, 10, 13.5, 10.5 ], "texture": "#texture" }
    }
},
{
    "from": [ 7.75, 6.5, 2 ],
    "to": [ 8.25, 7, 7 ],
    "faces": {
        "up":    { "uv": [ 8.5, 9, 13.5, 9.5 ], "rotation": 270, "texture": "#texture" },
        "south": { "uv": [ 8.5, 9, 9, 9.5 ], "texture": "#texture" },
        "west":  { "uv": [ 13.5, 9, 8.5, 9.5 ], "texture": "#texture" },
        "east":  { "uv": [ 8.5, 9, 13.5, 9.5 ], "texture": "#texture" }
    }
},
{
    "from": [ 7.75, 7, 3 ],
    "to": [ 8.25, 7.5, 6.5 ],
    "faces": {
        "up":    { "uv": [ 9, 8.5, 12.5, 9 ], "rotation": 270, "texture": "#texture" },
        "north": { "uv": [ 12, 8.5, 12.5, 9 ], "texture": "#texture" },
        "south": { "uv": [ 9, 8.5, 9.5, 9 ], "texture": "#texture" },
        "west":  { "uv": [ 12.5, 8.5, 9, 9 ], "texture": "#texture" },
        "east":  { "uv": [ 9, 8.5, 12.5, 9 ], "texture": "#texture" }
    }
},
{
    "from": [ 7.75, 7.5, 3.5 ],
    "to": [ 8.25, 8, 5 ],
    "faces": {
        "up":    { "uv": [ 10.5, 8, 12, 8.5 ], "rotation": 270, "texture": "#texture" },
        "north": { "uv": [ 11.5, 8, 12, 8.5 ], "texture": "#texture" },
        "south": { "uv": [ 10.5, 8, 11, 8.5 ], "texture": "#texture" },
        "west":  { "uv": [ 12, 8, 10.5, 8.5 ], "texture": "#texture" },
        "east":  { "uv": [ 10.5, 8, 12, 8.5 ], "texture": "#texture" }
    }
},
{
    "from": [ 7.75, 6, 1 ],
    "to": [ 8.25, 6.5, 2 ],
    "faces": {
        "down":  { "uv": [ 13.5, 9.5, 14.5, 10 ], "rotation": 90, "texture": "#texture" },
        "up":    { "uv": [ 13.5, 9.5, 14.5, 10 ], "rotation": 270, "texture": "#texture" },
        "north": { "uv": [ 14, 9.5, 14.5, 10 ], "texture": "#texture" },
        "west":  { "uv": [ 14.5, 9.5, 13.5, 10 ], "texture": "#texture" },
        "east":  { "uv": [ 13.5, 9.5, 14.5, 10 ], "texture": "#texture" }
    }
},
{
    "from": [ 7.75, 6.5, 1 ],
    "to": [ 8.25, 7, 2 ],
    "faces": {
        "up":    { "uv": [ 13.5, 9, 14.5, 9.5 ], "rotation": 270, "texture": "#texture" },
        "north": { "uv": [ 14, 9, 14.5, 9.5 ], "texture": "#texture" },
        "west":  { "uv": [ 14.5, 9, 13.5, 9.5 ], "texture": "#texture" },
        "east":  { "uv": [ 13.5, 9, 14.5, 9.5 ], "texture": "#texture" }
    }
},
{
    "from": [ 7.75, 5, 1 ],
    "to": [ 8.25, 6, 2 ],
    "faces": {
        "down":  { "uv": [ 13.5, 10.5, 14.5, 11 ], "rotation": 90, "texture": "#texture" },
        "north": { "uv": [ 14, 10, 14.5, 11 ], "texture": "#texture" },
        "south": { "uv": [ 13.5, 10, 14, 11 ], "texture": "#texture" },
        "west":  { "uv": [ 14.5, 10, 13.5, 11 ], "texture": "#texture" },
        "east":  { "uv": [ 13.5, 10, 14.5, 11 ], "texture": "#texture" }
    }
},
{
    "from": [ 7.25, 4.5, 0 ],
    "to": [ 7.75, 5, 1.5 ],
    "faces": {
        "down":  { "uv": [ 14, 11, 15.5, 11.5 ], "rotation": 90, "texture": "#texture" },
        "up":    { "uv": [ 14, 11, 15.5, 11.5 ], "rotation": 270, "texture": "#texture" },
        "north": { "uv": [ 14, 11, 14.5, 11.5 ], "texture": "#texture" },
        "south": { "uv": [ 15, 11, 15.5, 11.5 ], "texture": "#texture" },
        "west":  { "uv": [ 15.5, 11, 14, 11.5 ], "texture": "#texture" },
        "east":  { "uv": [ 14, 11, 15.5, 11.5 ], "texture": "#texture" }
    }
},
{
    "from": [ 8.25, 6.5, 0.5 ],
    "to": [ 8.75, 7.5, 1.5 ],
    "faces": {
        "down":  { "uv": [ 14, 8.5, 15, 9 ], "rotation": 90, "texture": "#texture" },
        "up":    { "uv": [ 14, 8.5, 15, 9 ], "rotation": 270, "texture": "#texture" },
        "north": { "uv": [ 14.5, 8.5, 15, 9.5 ], "texture": "#texture" },
        "south": { "uv": [ 14, 8.5, 14.5, 9.5 ], "texture": "#texture" },
        "west":  { "uv": [ 15, 8.5, 14, 9.5 ], "texture": "#texture" },
        "east":  { "uv": [ 14, 8.5, 15, 9.5 ], "texture": "#texture" }
    }
},
{
    "from": [ 8.75, 7, 1 ],
    "to": [ 9.25, 7.5, 1.5 ],
    "faces": {
        "down":  { "uv": [ 14, 8.5, 14.5, 9 ], "texture": "#texture" },
        "north": { "uv": [ 14, 8.5, 14.5, 9 ], "texture": "#texture" },
        "south": { "uv": [ 14, 8.5, 14.5, 9 ], "texture": "#texture" },
        "east":  { "uv": [ 14, 8.5, 14.5, 9 ], "texture": "#texture" }
    }
},
{
    "from": [ 8.75, 7.5, 1 ],
    "to": [ 9.25, 8, 2 ],
    "faces": {
        "down":  { "uv": [ 13.5, 8, 14.5, 8.5 ], "rotation": 90, "texture": "#texture" },
        "north": { "uv": [ 14, 8, 14.5, 8.5 ], "texture": "#texture" },
        "south": { "uv": [ 13.5, 8, 14, 8.5 ], "texture": "#texture" },
        "west":  { "uv": [ 14.5, 8, 13.5, 8.5 ], "texture": "#texture" },
        "east":  { "uv": [ 13.5, 8, 14.5, 8.5 ], "texture": "#texture" }
    }
},
{
    "from": [ 8.75, 8, 1 ],
    "to": [ 9.25, 9, 2.5 ],
    "faces": {
        "down":  { "uv": [ 13, 7.5, 14.5, 8 ], "rotation": 90, "texture": "#texture" },
        "up":    { "uv": [ 13, 7, 14.5, 7.5 ], "rotation": 270, "texture": "#texture" },
        "north": { "uv": [ 14, 7, 14.5, 8 ], "texture": "#texture" },
        "south": { "uv": [ 13, 7, 13.5, 8 ], "texture": "#texture" },
        "west":  { "uv": [ 14.5, 7, 13, 8 ], "texture": "#texture" },
        "east":  { "uv": [ 13, 7, 14.5, 8 ], "texture": "#texture" }
    }
},
{
    "from": [ 9.25, 10, 1 ],
    "to": [ 9.75, 11, 2 ],
    "faces": {
        "down":  { "uv": [ 13.5, 5.5, 14.5, 6 ], "rotation": 90, "texture": "#texture" },
        "up":    { "uv": [ 13.5, 5, 14.5, 5.5 ], "rotation": 270, "texture": "#texture" },
        "north": { "uv": [ 14, 5, 14.5, 6 ], "texture": "#texture" },
        "south": { "uv": [ 13.5, 5, 14, 6 ], "texture": "#texture" },
        "west":  { "uv": [ 14.5, 5, 13.5, 6 ], "texture": "#texture" },
        "east":  { "uv": [ 13.5, 5, 14.5, 6 ], "texture": "#texture" }
    }
},
{
    "from": [ 9.25, 11, 1 ],
    "to": [ 9.75, 12, 1.5 ],
    "faces": {
        "up":    { "uv": [ 14, 4, 14.5, 4.5 ], "texture": "#texture" },
        "north": { "uv": [ 14, 4, 14.5, 5 ], "texture": "#texture" },
        "south": { "uv": [ 14, 4, 14.5, 5 ], "texture": "#texture" },
        "west":  { "uv": [ 14, 4, 14.5, 5 ], "texture": "#texture" },
        "east":  { "uv": [ 14, 4, 14.5, 5 ], "texture": "#texture" }
    }
},
{
    "from": [ 8.75, 6, 0.5 ],
    "to": [ 9.25, 6.5, 1 ],
    "faces": {
        "down":  { "uv": [ 14.5, 9.5, 15, 10 ], "rotation": 270, "texture": "#texture" },
        "up":    { "uv": [ 14.5, 9.5, 15, 10 ], "rotation": 90, "texture": "#texture" },
        "north": { "uv": [ 14.5, 9.5, 15, 10 ], "texture": "#texture" },
        "south": { "uv": [ 14.5, 9.5, 15, 10 ], "texture": "#texture" },
        "west":  { "uv": [ 14.5, 9.5, 15, 10 ], "texture": "#texture" }
    }
},
{
    "from": [ 8.75, 9, 1 ],
    "to": [ 9.25, 10.5, 1.5 ],
    "faces": {
        "up":    { "uv": [ 14, 5.5, 14.5, 6 ], "texture": "#texture" },
        "north": { "uv": [ 14, 5.5, 14.5, 7 ], "texture": "#texture" },
        "south": { "uv": [ 14, 5.5, 14.5, 7 ], "texture": "#texture" },
        "west":  { "uv": [ 14, 5.5, 14.5, 7 ], "texture": "#texture" },
        "east":  { "uv": [ 14, 5.5, 14.5, 7 ], "texture": "#texture" }
    }
},
{
    "from": [ 9.25, 9, 1.5 ],
    "to": [ 9.75, 10, 2 ],
    "faces": {
        "down":  { "uv": [ 13.5, 6.5, 14.5, 7 ], "texture": "#texture" },
        "north": { "uv": [ 13.5, 6, 14, 7 ], "texture": "#texture" },
        "south": { "uv": [ 13.5, 6, 14, 7 ], "texture": "#texture" },
        "west":  { "uv": [ 13.5, 6, 14, 7 ], "texture": "#texture" },
        "east":  { "uv": [ 13.5, 6, 14, 7 ], "texture": "#texture" }
    }
},
{
    "from": [ 6.75, 6, -1 ],
    "to": [ 7.25, 6.5, 0 ],
    "faces": {
        "down":  { "uv": [ 15, 9.5, 16, 10 ], "rotation": 270, "texture": "#texture" },
        "up":    { "uv": [ 15, 9.5, 16, 10 ], "rotation": 90, "texture": "#texture" },
        "north": { "uv": [ 15, 9.5, 15.5, 10 ], "texture": "#texture" },
        "west":  { "uv": [ 15, 9.5, 16, 10 ], "texture": "#texture" },
        "east":  { "uv": [ 16, 9.5, 15, 10 ], "texture": "#texture" }
    }
},
{
    "from": [ 7.75, 2.5, -16 ],
    "to": [ 8.25, 3, -14.5 ],
    "faces": {
        "down":  { "uv": [ 0, 13, 1.5, 13.5 ], "rotation": 270, "texture": "#texture" },
        "up":    { "uv": [ 0, 13, 1.5, 13.5 ], "rotation": 90, "texture": "#texture" },
        "north": { "uv": [ 0, 13, 0.5, 13.5 ], "texture": "#texture" },
        "south": { "uv": [ 0, 13, 0.5, 13.5 ], "texture": "#texture" },
        "west":  { "uv": [ 0, 13, 1.5, 13.5 ], "texture": "#texture" },
        "east":  { "uv": [ 1.5, 13, 0, 13.5 ], "texture": "#texture" }
    }
},
{
    "from": [ 7.75, 2, -15.5 ],
    "to": [ 8.25, 2.5, -12 ],
    "faces": {
        "down":  { "uv": [ 0.5, 13.5, 4, 14 ], "rotation": 270, "texture": "#texture" },
        "up":    { "uv": [ 0.5, 13.5, 4, 14 ], "rotation": 90, "texture": "#texture" },
        "north": { "uv": [ 0.5, 13.5, 1, 14 ], "texture": "#texture" },
        "south": { "uv": [ 3.5, 13.5, 4, 14 ], "texture": "#texture" },
        "west":  { "uv": [ 0.5, 13.5, 4, 14 ], "texture": "#texture" },
        "east":  { "uv": [ 4, 13.5, 0.5, 14 ], "texture": "#texture" }
    }
},
{
    "from": [ 7.75, 1.5, -14.5 ],
    "to": [ 8.25, 2, -13 ],
    "faces": {
        "down":  { "uv": [ 1.5, 14, 3, 14.5 ], "rotation": 270, "texture": "#texture" },
        "north": { "uv": [ 1.5, 14, 2, 14.5 ], "texture": "#texture" },
        "south": { "uv": [ 2.5, 14, 3, 14.5 ], "texture": "#texture" },
        "west":  { "uv": [ 1.5, 14, 3, 14.5 ], "texture": "#texture" },
        "east":  { "uv": [ 3, 14, 1.5, 14.5 ], "texture": "#texture" }
    }
},
{
    "from": [ 7.75, 2.5, -12.5 ],
    "to": [ 8.25, 3, -10.5 ],
    "faces": {
        "down":  { "uv": [ 3.5, 13, 5.5, 13.5 ], "rotation": 270, "texture": "#texture" },
        "up":    { "uv": [ 3.5, 13, 5.5, 13.5 ], "rotation": 90, "texture": "#texture" },
        "north": { "uv": [ 3.5, 13, 4, 13.5 ], "texture": "#texture" },
        "south": { "uv": [ 5, 13, 5.5, 13.5 ], "texture": "#texture" },
        "west":  { "uv": [ 3.5, 13, 5.5, 13.5 ], "texture": "#texture" },
        "east":  { "uv": [ 5.5, 13, 3.5, 13.5 ], "texture": "#texture" }
    }
},
{
    "from": [ 7.75, 3, -11 ],
    "to": [ 8.25, 3.5, -9.5 ],
    "faces": {
        "down":  { "uv": [ 5, 12.5, 6.5, 13 ], "rotation": 270, "texture": "#texture" },
        "up":    { "uv": [ 5, 12.5, 6.5, 13 ], "rotation": 90, "texture": "#texture" },
        "north": { "uv": [ 5, 12.5, 5.5, 13 ], "texture": "#texture" },
        "south": { "uv": [ 6, 12.5, 6.5, 13 ], "texture": "#texture" },
        "west":  { "uv": [ 5, 12.5, 6.5, 13 ], "texture": "#texture" },
        "east":  { "uv": [ 6.5, 12.5, 5, 13 ], "texture": "#texture" }
    }
},
{
    "from": [ 7.75, 3.5, -10.5 ],
    "to": [ 8.25, 4, -8.5 ],
    "faces": {
        "down":  { "uv": [ 5.5, 12, 7.5, 12.5 ], "rotation": 270, "texture": "#texture" },
        "up":    { "uv": [ 5.5, 12, 7.5, 12.5 ], "rotation": 90, "texture": "#texture" },
        "north": { "uv": [ 5.5, 12, 6, 12.5 ], "texture": "#texture" },
        "south": { "uv": [ 7, 12, 7.5, 12.5 ], "texture": "#texture" },
        "west":  { "uv": [ 5.5, 12, 7.5, 12.5 ], "texture": "#texture" },
        "east":  { "uv": [ 7.5, 12, 5.5, 12.5 ], "texture": "#texture" }
    }
},
{
    "from": [ 7.75, 4, -10 ],
    "to": [ 8.25, 4.5, -8.5 ],
    "faces": {
        "north": { "uv": [ 6, 11.5, 6.5, 12 ], "texture": "#texture" },
        "south": { "uv": [ 7, 11.5, 7.5, 12 ], "texture": "#texture" },
        "west":  { "uv": [ 6, 11.5, 7.5, 12 ], "texture": "#texture" },
        "east":  { "uv": [ 7.5, 11.5, 6, 12 ], "texture": "#texture" }
    }
},
{
    "from": [ 7.75, 4.5, -10.5 ],
    "to": [ 8.25, 5, -8.5 ],
    "faces": {
        "down":  { "uv": [ 5.5, 11, 7.5, 11.5 ], "rotation": 270, "texture": "#texture" },
        "north": { "uv": [ 5.5, 11, 6, 11.5 ], "texture": "#texture" },
        "south": { "uv": [ 7, 11, 7.5, 11.5 ], "texture": "#texture" },
        "west":  { "uv": [ 5.5, 11, 7.5, 11.5 ], "texture": "#texture" },
        "east":  { "uv": [ 7.5, 11, 5.5, 11.5 ], "texture": "#texture" }
    }
},
{
    "from": [ 7.75, 5, -11 ],
    "to": [ 8.25, 5.5, -6.5 ],
    "faces": {
        "down":  { "uv": [ 5, 10.5, 9.5, 11 ], "rotation": 270, "texture": "#texture" },
        "up":    { "uv": [ 5, 10.5, 9.5, 11 ], "rotation": 90, "texture": "#texture" },
        "north": { "uv": [ 5, 10.5, 5.5, 11 ], "texture": "#texture" },
        "south": { "uv": [ 9, 10.5, 9.5, 11 ], "texture": "#texture" },
        "west":  { "uv": [ 5, 10.5, 9.5, 11 ], "texture": "#texture" },
        "east":  { "uv": [ 9.5, 10.5, 5, 11 ], "texture": "#texture" }
    }
},
{
    "from": [ 7.75, 5.5, -9.5 ],
    "to": [ 8.25, 6, -6.5 ],
    "faces": {
        "up":    { "uv": [ 6.5, 10, 9.5, 10.5 ], "rotation": 90, "texture": "#texture" },
        "north": { "uv": [ 6.5, 10, 7, 10.5 ], "texture": "#texture" },
        "south": { "uv": [ 9, 10, 9.5, 10.5 ], "texture": "#texture" },
        "west":  { "uv": [ 6.5, 10, 9.5, 10.5 ], "texture": "#texture" },
        "east":  { "uv": [ 9.5, 10, 6.5, 10.5 ], "texture": "#texture" }
    }
},
{
    "from": [ 7.75, 6, -8 ],
    "to": [ 8.25, 6.5, -2.5 ],
    "faces": {
        "down":  { "uv": [ 8, 9.5, 13.5, 10 ], "rotation": 270, "texture": "#texture" },
        "up":    { "uv": [ 8, 9.5, 13.5, 10 ], "rotation": 90, "texture": "#texture" },
        "north": { "uv": [ 8, 9.5, 8.5, 10 ], "texture": "#texture" },
        "west":  { "uv": [ 8, 9.5, 13.5, 10 ], "texture": "#texture" },
        "east":  { "uv": [ 13.5, 9.5, 8, 10 ], "texture": "#texture" }
    }
},
{
    "from": [ 7.75, 5.5, -6 ],
    "to": [ 8.25, 6, -5.5 ],
    "faces": {
        "down":  { "uv": [ 10, 10, 10.5, 10.5 ], "texture": "#texture" },
        "north": { "uv": [ 10, 10, 10.5, 10.5 ], "texture": "#texture" },
        "south": { "uv": [ 10, 10, 10.5, 10.5 ], "texture": "#texture" },
        "west":  { "uv": [ 10, 10, 10.5, 10.5 ], "texture": "#texture" },
        "east":  { "uv": [ 10, 10, 10.5, 10.5 ], "texture": "#texture" }
    }
},
{
    "from": [ 7.75, 5.5, -5 ],
    "to": [ 8.25, 6, -4.5 ],
    "faces": {
        "down":  { "uv": [ 11, 10, 11.5, 10.5 ], "texture": "#texture" },
        "north": { "uv": [ 11, 10, 11.5, 10.5 ], "texture": "#texture" },
        "south": { "uv": [ 11, 10, 11.5, 10.5 ], "texture": "#texture" },
        "west":  { "uv": [ 11, 10, 11.5, 10.5 ], "texture": "#texture" },
        "east":  { "uv": [ 11, 10, 11.5, 10.5 ], "texture": "#texture" }
    }
},
{
    "from": [ 7.75, 5.5, -4 ],
    "to": [ 8.25, 6, -2.5 ],
    "faces": {
        "down":  { "uv": [ 12, 10, 13.5, 10.5 ], "rotation": 270, "texture": "#texture" },
        "north": { "uv": [ 12, 10, 12.5, 10.5 ], "texture": "#texture" },
        "west":  { "uv": [ 12, 10, 13.5, 10.5 ], "texture": "#texture" },
        "east":  { "uv": [ 13.5, 10, 12, 10.5 ], "texture": "#texture" }
    }
},
{
    "from": [ 7.75, 6.5, -7.5 ],
    "to": [ 8.25, 7, -2.5 ],
    "faces": {
        "up":    { "uv": [ 8.5, 9, 13.5, 9.5 ], "rotation": 90, "texture": "#texture" },
        "north": { "uv": [ 8.5, 9, 9, 9.5 ], "texture": "#texture" },
        "west":  { "uv": [ 8.5, 9, 13.5, 9.5 ], "texture": "#texture" },
        "east":  { "uv": [ 13.5, 9, 8.5, 9.5 ], "texture": "#texture" }
    }
},
{
    "from": [ 7.75, 7, -7 ],
    "to": [ 8.25, 7.5, -3.5 ],
    "faces": {
        "up":    { "uv": [ 9, 8.5, 12.5, 9 ], "rotation": 90, "texture": "#texture" },
        "north": { "uv": [ 9, 8.5, 9.5, 9 ], "texture": "#texture" },
        "south": { "uv": [ 12, 8.5, 12.5, 9 ], "texture": "#texture" },
        "west":  { "uv": [ 9, 8.5, 12.5, 9 ], "texture": "#texture" },
        "east":  { "uv": [ 12.5, 8.5, 9, 9 ], "texture": "#texture" }
    }
},
{
    "from": [ 7.75, 7.5, -5.5 ],
    "to": [ 8.25, 8, -4 ],
    "faces": {
        "up":    { "uv": [ 10.5, 8, 12, 8.5 ], "rotation": 90, "texture": "#texture" },
        "north": { "uv": [ 10.5, 8, 11, 8.5 ], "texture": "#texture" },
        "south": { "uv": [ 11.5, 8, 12, 8.5 ], "texture": "#texture" },
        "west":  { "uv": [ 10.5, 8, 12, 8.5 ], "texture": "#texture" },
        "east":  { "uv": [ 12, 8, 10.5, 8.5 ], "texture": "#texture" }
    }
},
{
    "from": [ 7.75, 6, -2.5 ],
    "to": [ 8.25, 6.5, -1.5 ],
    "faces": {
        "down":  { "uv": [ 13.5, 9.5, 14.5, 10 ], "rotation": 270, "texture": "#texture" },
        "up":    { "uv": [ 13.5, 9.5, 14.5, 10 ], "rotation": 90, "texture": "#texture" },
        "south": { "uv": [ 14, 9.5, 14.5, 10 ], "texture": "#texture" },
        "west":  { "uv": [ 13.5, 9.5, 14.5, 10 ], "texture": "#texture" },
        "east":  { "uv": [ 14.5, 9.5, 13.5, 10 ], "texture": "#texture" }
    }
},
{
    "from": [ 7.75, 6.5, -2.5 ],
    "to": [ 8.25, 7, -1.5 ],
    "faces": {
        "up":    { "uv": [ 13.5, 9, 14.5, 9.5 ], "rotation": 90, "texture": "#texture" },
        "south": { "uv": [ 14, 9, 14.5, 9.5 ], "texture": "#texture" },
        "west":  { "uv": [ 13.5, 9, 14.5, 9.5 ], "texture": "#texture" },
        "east":  { "uv": [ 14.5, 9, 13.5, 9.5 ], "texture": "#texture" }
    }
},
{
    "from": [ 7.75, 5, -2.5 ],
    "to": [ 8.25, 6, -1.5 ],
    "faces": {
        "down":  { "uv": [ 13.5, 10.5, 14.5, 11 ], "rotation": 270, "texture": "#texture" },
        "north": { "uv": [ 13.5, 10, 14, 11 ], "texture": "#texture" },
        "south": { "uv": [ 14, 10, 14.5, 11 ], "texture": "#texture" },
        "west":  { "uv": [ 13.5, 10, 14.5, 11 ], "texture": "#texture" },
        "east":  { "uv": [ 14.5, 10, 13.5, 11 ], "texture": "#texture" }
    }
},
{
    "from": [ 7.25, 4.5, -2 ],
    "to": [ 7.75, 5, -0.5 ],
    "faces": {
        "down":  { "uv": [ 14, 11, 15.5, 11.5 ], "rotation": 270, "texture": "#texture" },
        "up":    { "uv": [ 14, 11, 15.5, 11.5 ], "rotation": 90, "texture": "#texture" },
        "north": { "uv": [ 14, 11, 14.5, 11.5 ], "texture": "#texture" },
        "south": { "uv": [ 15, 11, 15.5, 11.5 ], "texture": "#texture" },
        "west":  { "uv": [ 14, 11, 15.5, 11.5 ], "texture": "#texture" },
        "east":  { "uv": [ 15.5, 11, 14, 11.5 ], "texture": "#texture" }
    }
},
{
    "from": [ 8.25, 6.5, -2 ],
    "to": [ 8.75, 7.5, -1 ],
    "faces": {
        "down":  { "uv": [ 14, 8.5, 15, 9 ], "rotation": 270, "texture": "#texture" },
        "up":    { "uv": [ 14, 8.5, 15, 9 ], "rotation": 90, "texture": "#texture" },
        "north": { "uv": [ 14, 8.5, 14.5, 9.5 ], "texture": "#texture" },
        "south": { "uv": [ 14.5, 8.5, 15, 9.5 ], "texture": "#texture" },
        "west":  { "uv": [ 14, 8.5, 15, 9.5 ], "texture": "#texture" },
        "east":  { "uv": [ 15, 8.5, 14, 9.5 ], "texture": "#texture" }
    }
},
{
    "from": [ 8.75, 7, -2 ],
    "to": [ 9.25, 7.5, -1.5 ],
    "faces": {
        "down":  { "uv": [ 14, 8.5, 14.5, 9 ], "texture": "#texture" },
        "north": { "uv": [ 14, 8.5, 14.5, 9 ], "texture": "#texture" },
        "south": { "uv": [ 14, 8.5, 14.5, 9 ], "texture": "#texture" },
        "east":  { "uv": [ 14, 8.5, 14.5, 9 ], "texture": "#texture" }
    }
},
{
    "from": [ 8.75, 7.5, -2.5 ],
    "to": [ 9.25, 8, -1.5 ],
    "faces": {
        "down":  { "uv": [ 13.5, 8, 14.5, 8.5 ], "rotation": 270, "texture": "#texture" },
        "north": { "uv": [ 13.5, 8, 14, 8.5 ], "texture": "#texture" },
        "south": { "uv": [ 14, 8, 14.5, 8.5 ], "texture": "#texture" },
        "west":  { "uv": [ 13.5, 8, 14.5, 8.5 ], "texture": "#texture" },
        "east":  { "uv": [ 14.5, 8, 13.5, 8.5 ], "texture": "#texture" }
    }
},
{
    "from": [ 8.75, 8, -3 ],
    "to": [ 9.25, 9, -1.5 ],
    "faces": {
        "down":  { "uv": [ 13, 7.5, 14.5, 8 ], "rotation": 270, "texture": "#texture" },
        "up":    { "uv": [ 13, 7, 14.5, 7.5 ], "rotation": 90, "texture": "#texture" },
        "north": { "uv": [ 13, 7, 13.5, 8 ], "texture": "#texture" },
        "south": { "uv": [ 14, 7, 14.5, 8 ], "texture": "#texture" },
        "west":  { "uv": [ 13, 7, 14.5, 8 ], "texture": "#texture" },
        "east":  { "uv": [ 14.5, 7, 13, 8 ], "texture": "#texture" }
    }
},
{
    "from": [ 9.25, 10, -2.5 ],
    "to": [ 9.75, 11, -1.5 ],
    "faces": {
        "down":  { "uv": [ 13.5, 5.5, 14.5, 6 ], "texture": "#texture" },
        "up":    { "uv": [ 13.5, 5, 14.5, 5.5 ], "rotation": 90, "texture": "#texture" },
        "north": { "uv": [ 13.5, 5, 14, 6 ], "texture": "#texture" },
        "south": { "uv": [ 14, 5, 14.5, 6 ], "texture": "#texture" },
        "west":  { "uv": [ 13.5, 5, 14.5, 6 ], "texture": "#texture" },
        "east":  { "uv": [ 14.5, 5, 13.5, 6 ], "texture": "#texture" }
    }
},
{
    "from": [ 9.25, 11, -2 ],
    "to": [ 9.75, 12, -1.5 ],
    "faces": {
        "up":    { "uv": [ 14, 4, 14.5, 4.5 ], "texture": "#texture" },
        "north": { "uv": [ 14, 4, 14.5, 5 ], "texture": "#texture" },
        "south": { "uv": [ 14, 4, 14.5, 5 ], "texture": "#texture" },
        "west":  { "uv": [ 14, 4, 14.5, 5 ], "texture": "#texture" },
        "east":  { "uv": [ 14, 4, 14.5, 5 ], "texture": "#texture" }
    }
},
{
    "from": [ 8.75, 6, -1.5 ],
    "to": [ 9.25, 6.5, -1 ],
    "faces": {
        "down":  { "uv": [ 14.5, 9.5, 15, 10 ], "rotation": 270, "texture": "#texture" },
        "up":    { "uv": [ 14.5, 9.5, 15, 10 ], "rotation": 90, "texture": "#texture" },
        "north": { "uv": [ 14.5, 9.5, 15, 10 ], "texture": "#texture" },
        "south": { "uv": [ 14.5, 9.5, 15, 10 ], "texture": "#texture" },
        "west":  { "uv": [ 14.5, 9.5, 15, 10 ], "texture": "#texture" },
        "east":  { "uv": [ 14.5, 9.5, 15, 10 ], "texture": "#texture" }
    }
},
{
    "from": [ 8.75, 9, -2 ],
    "to": [ 9.25, 10.5, -1.5 ],
    "faces": {
        "up":    { "uv": [ 14, 5.5, 14.5, 6 ], "texture": "#texture" },
        "north": { "uv": [ 14, 5.5, 14.5, 7 ], "texture": "#texture" },
        "south": { "uv": [ 14, 5.5, 14.5, 7 ], "texture": "#texture" },
        "west":  { "uv": [ 14, 5.5, 14.5, 7 ], "texture": "#texture" },
        "east":  { "uv": [ 14, 5.5, 14.5, 7 ], "texture": "#texture" }
    }
},
{
    "from": [ 9.25, 9, -2.5 ],
    "to": [ 9.75, 10, -2 ],
    "faces": {
        "down":  { "uv": [ 13.5, 6.5, 14.5, 7 ], "texture": "#texture" },
        "north": { "uv": [ 13.5, 6, 14, 7 ], "texture": "#texture" },
        "south": { "uv": [ 13.5, 6, 14, 7 ], "texture": "#texture" },
        "west":  { "uv": [ 13.5, 6, 14, 7 ], "texture": "#texture" },
        "east":  { "uv": [ 13.5, 6, 14, 7 ], "texture": "#texture" }
    }
},
{
    "from": [ 9.25, 6, -1 ],
    "to": [ 9.75, 6.5, 0 ],
    "faces": {
        "down":  { "uv": [ 15, 12, 16, 12.5 ], "rotation": 270, "texture": "#texture" },
        "up":    { "uv": [ 15, 12, 16, 12.5 ], "rotation": 90, "texture": "#texture" },
        "north": { "uv": [ 15, 12, 15.5, 12.5 ], "texture": "#texture" },
        "west":  { "uv": [ 15, 12, 16, 12.5 ], "texture": "#texture" },
        "east":  { "uv": [ 16, 12, 15, 12.5 ], "texture": "#texture" }
    }
},
{
    "from": [ 6.75, 6.5, -0.5 ],
    "to": [ 7.25, 11.5, 0 ],
    "faces": {
        "up":    { "uv": [ 15.5, 4.5, 16, 5 ], "texture": "#texture" },
        "north": { "uv": [ 15.5, 4.5, 16, 9.5 ], "texture": "#texture" },
        "south": { "uv": [ 15.5, 4.5, 16, 9.5 ], "texture": "#texture" },
        "west":  { "uv": [ 15.5, 4.5, 16, 9.5 ], "texture": "#texture" },
        "east":  { "uv": [ 15.5, 4.5, 16, 9.5 ], "texture": "#texture" }
    }
},
{
    "from": [ 6.75, 5, -0.5 ],
    "to": [ 7.25, 6, 0 ],
    "faces": {
        "down":  { "uv": [ 15.5, 10.5, 16, 11 ], "texture": "#texture" },
        "north": { "uv": [ 15.5, 10, 16, 11 ], "texture": "#texture" },
        "south": { "uv": [ 15.5, 10, 16, 11 ], "texture": "#texture" },
        "west":  { "uv": [ 15.5, 10, 16, 11 ], "texture": "#texture" },
        "east":  { "uv": [ 15.5, 10, 16, 11 ], "texture": "#texture" }
    }
},
{
    "from": [ 6.75, 5, -1 ],
    "to": [ 7.25, 5.5, -0.5 ],
    "faces": {
        "down":  { "uv": [ 15, 10.5, 15.5, 11 ], "texture": "#texture" },
        "up":    { "uv": [ 15, 10.5, 15.5, 11 ], "texture": "#texture" },
        "north": { "uv": [ 15, 10.5, 15.5, 11 ], "texture": "#texture" },
        "west":  { "uv": [ 15, 10.5, 15.5, 11 ], "texture": "#texture" },
        "east":  { "uv": [ 15, 10.5, 15.5, 11 ], "texture": "#texture" }
    }
},
{
    "from": [ 6.75, 5, 0 ],
    "to": [ 7.25, 5.5, 0.5 ],
    "faces": {
        "down":  { "uv": [ 15, 10.5, 15.5, 11 ], "texture": "#texture" },
        "up":    { "uv": [ 15, 10.5, 15.5, 11 ], "texture": "#texture" },
        "south": { "uv": [ 15, 10.5, 15.5, 11 ], "texture": "#texture" },
        "west":  { "uv": [ 15, 10.5, 15.5, 11 ], "texture": "#texture" },
        "east":  { "uv": [ 15, 10.5, 15.5, 11 ], "texture": "#texture" }
    }
},
{
    "from": [ 9.25, 6, 0 ],
    "to": [ 9.75, 6.5, 1 ],
    "faces": {
        "down":  { "uv": [ 15, 12, 16, 12.5 ], "rotation": 90, "texture": "#texture" },
        "up":    { "uv": [ 15, 12, 16, 12.5 ], "rotation": 270, "texture": "#texture" },
        "south": { "uv": [ 15, 12, 15.5, 12.5 ], "texture": "#texture" },
        "west":  { "uv": [ 16, 12, 15, 12.5 ], "texture": "#texture" },
        "east":  { "uv": [ 15, 12, 16, 12.5 ], "texture": "#texture" }
    }
},
{
    "from": [ 6.75, 6, 0 ],
    "to": [ 7.25, 6.5, 0.5 ],
    "faces": {
        "down":  { "uv": [ 15, 9.5, 15.5, 10 ], "rotation": 270, "texture": "#texture" },
        "up":    { "uv": [ 15, 9.5, 15.5, 10 ], "rotation": 90, "texture": "#texture" },
        "south": { "uv": [ 15, 9.5, 15.5, 10 ], "texture": "#texture" },
        "west":  { "uv": [ 15, 9.5, 15.5, 10 ], "texture": "#texture" },
        "east":  { "uv": [ 15, 9.5, 15.5, 10 ], "texture": "#texture" }
    }
},
{
    "from": [ 7.25, 6, -2 ],
    "to": [ 7.75, 6.5, -1 ],
    "faces": {
        "down":  { "uv": [ 14.5, 9.5, 15.5, 10 ], "rotation": 270, "texture": "#texture" },
        "up":    { "uv": [ 14.5, 9.5, 15.5, 10 ], "rotation": 90, "texture": "#texture" },
        "north": { "uv": [ 14.5, 9.5, 15, 10 ], "texture": "#texture" },
        "south": { "uv": [ 15, 9.5, 15.5, 10 ], "texture": "#texture" },
        "west":  { "uv": [ 14.5, 9.5, 15.5, 10 ], "texture": "#texture" },
        "east":  { "uv": [ 15.5, 9.5, 14.5, 10 ], "texture": "#texture" }
    }
},
{
    "from": [ 7.25, 6, 0.5 ],
    "to": [ 7.75, 6.5, 1.5 ],
    "faces": {
        "down":  { "uv": [ 14.5, 9.5, 15.5, 10 ], "rotation": 90, "texture": "#texture" },
        "up":    { "uv": [ 14.5, 9.5, 15.5, 10 ], "rotation": 270, "texture": "#texture" },
        "north": { "uv": [ 15, 9.5, 15.5, 10 ], "texture": "#texture" },
        "south": { "uv": [ 14.5, 9.5, 15, 10 ], "texture": "#texture" },
        "west":  { "uv": [ 15.5, 9.5, 14.5, 10 ], "texture": "#texture" },
        "east":  { "uv": [ 14.5, 9.5, 15.5, 10 ], "texture": "#texture" }
    }
},
{
    "from": [ 8, 2.5, -4.25 ],
    "to": [ 8.0625, 10.5, 3.75 ],
    "faces": {
        "west":  { "uv": [ 0, 0, 8, 8 ], "texture": "#texture" },
        "east":  { "uv": [ 8, 0, 0, 8 ], "texture": "#texture" }
    }
},
{
    "from": [ 7.875, -3.6875, 0 ],
    "to": [ 8.0625, -3.5, 14.125 ],
    "rotation": { "origin": [ 7.875, -3.5, 0 ], "axis": "x", "angle": -22.5 },
    "faces": {
        "down":  { "uv": [ 2.5, 15.5, 15, 16 ], "rotation": 270, "texture": "#texture" },
        "up":    { "uv": [ 2.5, 15.5, 15, 16 ], "rotation": 90, "texture": "#texture" },
        "north": { "uv": [ 8.5, 15.5, 9, 16 ], "texture": "#texture" },
        "south": { "uv": [ 8.5, 15.5, 9, 16 ], "texture": "#texture" },
        "west":  { "uv": [ 2.5, 15.5, 15, 16 ], "texture": "#texture" },
        "east":  { "uv": [ 2.5, 15.5, 15, 16 ], "texture": "#texture" }
    }
},
{
    "from": [ 7.9375, -11.875, -11.75 ],
    "to": [ 8, 4.125, 4.25 ],
    "rotation": { "origin": [ 7.9375, 4.125, -11.75 ], "axis": "x", "angle": -45 },
    "faces": {
        "west":  { "uv": [ 0, 0, 16, 16 ], "texture": "#arrow" },
        "east":  { "uv": [ 16, 0, 0, 16 ], "texture": "#arrow" }
    }
}
],
	"display": {
		"thirdperson_righthand": {
			"rotation": [-95, 0, 0],
			"translation": [1.8, 7.37, -1.89],
			"scale": [1.2, 1.2, 1.2]
		},
		"ground": {
			"rotation": [45, 0, 0],
			"translation": [0, 3.97, 0],
			"scale": [0.3, 0.3, 0.3]
		},
		"fixed": {
			"rotation": [90, -135, 90],
			"translation": [-1.51, 7.18, -1.51],
			"scale": [0.8, 0.8, 0.8]
		},
		"firstperson_righthand": {
			"rotation": [-68, 8, 8],
			"translation": [7.25, 14, -12.09],
			"scale": [1.2, 1.2, 1.2]
		},
		"gui": {
			"rotation": [90, -45, 90],
			"translation": [-6.8, -1.32, 1.51],
			"scale": [0.7, 0.7, 0.7]
		}
	}
}