{
"__comment": "Designed by tomaxed with Cubik",
"textures": {
    "particle": "weaponstools/golden_axe",
    "texture": "weaponstools/golden_axe"
},

"elements": [ 
{
    "from": [ 7.75, 0, 9.5 ],
    "to": [ 8.25, 10, 11.5 ],
    "faces": {
        "north": { "uv": [ 10, 6, 10.5, 16 ], "texture": "#texture" },
        "south": { "uv": [ 11.5, 6.5, 12, 16.5 ], "texture": "#texture" },
        "west":  { "uv": [ 10, 6, 12, 16 ], "texture": "#texture" },
        "east":  { "uv": [ 12, 6, 10, 16 ], "texture": "#texture" }
    }
},
{
    "from": [ 7.5, 0, 10 ],
    "to": [ 8.5, 10, 11 ],
    "faces": {
        "north": { "uv": [ 10.5, 6, 11, 16 ], "texture": "#texture" },
        "south": { "uv": [ 11, 6, 11.5, 16 ], "texture": "#texture" },
        "west":  { "uv": [ 10.5, 6, 11.5, 16 ], "texture": "#texture" },
        "east":  { "uv": [ 11.5, 6, 10.5, 16 ], "texture": "#texture" }
    }
},
{
    "from": [ 7.25, 10, 9 ],
    "to": [ 8.75, 16, 12 ],
    "faces": {
        "down":  { "uv": [ 9.5, 5.5, 12.5, 6 ], "rotation": 270, "texture": "#texture" },
        "up":    { "uv": [ 9.5, 0, 12.5, 0.5 ], "rotation": 90, "texture": "#texture" },
        "north": { "uv": [ 9.5, 0, 10.5, 6 ], "texture": "#texture" },
        "south": { "uv": [ 11.5, 0, 12.5, 6 ], "texture": "#texture" },
        "west":  { "uv": [ 9.5, 0, 12.5, 6 ], "texture": "#texture" },
        "east":  { "uv": [ 12.5, 0, 9.5, 6 ], "texture": "#texture" }
    }
},
{
    "from": [ 7.8, 10.5, 3.5 ],
    "to": [ 8.3, 15.5, 12.5 ],
    "faces": {
        "down":  { "uv": [ 4, 5, 13, 5.5 ], "rotation": 270, "texture": "#texture" },
        "up":    { "uv": [ 4, 0.5, 13, 1 ], "rotation": 90, "texture": "#texture" },
        "north": { "uv": [ 4, 0.5, 4.5, 5.5 ], "texture": "#texture" },
        "south": { "uv": [ 12.5, 0.5, 13, 5.5 ], "texture": "#texture" },
        "west":  { "uv": [ 4, 0.5, 13, 5.5 ], "texture": "#texture" },
        "east":  { "uv": [ 13, 0.5, 4, 5.5 ], "texture": "#texture" }
    }
},
{
    "from": [ 7.8, 7.5, 3 ],
    "to": [ 8.3, 15, 3.5 ],
    "faces": {
        "down":  { "uv": [ 3.5, 8, 4, 8.5 ], "texture": "#texture" },
        "up":    { "uv": [ 3.5, 1, 4, 1.5 ], "texture": "#texture" },
        "north": { "uv": [ 3.5, 1, 4, 8.5 ], "texture": "#texture" },
        "south": { "uv": [ 3.5, 1, 4, 8.5 ], "texture": "#texture" },
        "west":  { "uv": [ 3.5, 1, 4, 8.5 ], "texture": "#texture" },
        "east":  { "uv": [ 3.5, 1, 4, 8.5 ], "texture": "#texture" }
    }
},
{
    "from": [ 7.8, 8.5, 2.5 ],
    "to": [ 8.3, 15, 3 ],
    "faces": {
        "down":  { "uv": [ 3, 7, 3.5, 7.5 ], "texture": "#texture" },
        "up":    { "uv": [ 3, 1, 3.5, 1.5 ], "texture": "#texture" },
        "north": { "uv": [ 3, 1, 3.5, 7.5 ], "texture": "#texture" },
        "south": { "uv": [ 3, 1, 3.5, 7.5 ], "texture": "#texture" },
        "west":  { "uv": [ 3, 1, 3.5, 7.5 ], "texture": "#texture" },
        "east":  { "uv": [ 3, 1, 3.5, 7.5 ], "texture": "#texture" }
    }
},
{
    "from": [ 7.8, 6.5, 3.5 ],
    "to": [ 8.3, 10.5, 4 ],
    "faces": {
        "down":  { "uv": [ 4, 9, 4.5, 9.5 ], "texture": "#texture" },
        "up":    { "uv": [ 7.5, 3.5, 8.5, 4 ], "texture": "#texture" },
        "north": { "uv": [ 4, 5.5, 4.5, 9.5 ], "texture": "#texture" },
        "south": { "uv": [ 4, 5.5, 4.5, 9.5 ], "texture": "#texture" },
        "west":  { "uv": [ 4, 5.5, 4.5, 9.5 ], "texture": "#texture" },
        "east":  { "uv": [ 4, 5.5, 4.5, 9.5 ], "texture": "#texture" }
    }
},
{
    "from": [ 7.8, 7, 4 ],
    "to": [ 8.3, 10.5, 4.5 ],
    "faces": {
        "down":  { "uv": [ 4.5, 8.5, 5, 9 ], "texture": "#texture" },
        "north": { "uv": [ 4.5, 5.5, 5, 9 ], "texture": "#texture" },
        "south": { "uv": [ 4.5, 5.5, 5, 9 ], "texture": "#texture" },
        "west":  { "uv": [ 4.5, 5.5, 5, 9 ], "texture": "#texture" },
        "east":  { "uv": [ 4.5, 5.5, 5, 9 ], "texture": "#texture" }
    }
},
{
    "from": [ 7.8, 8, 4.5 ],
    "to": [ 8.3, 10.5, 5 ],
    "faces": {
        "down":  { "uv": [ 5, 7.5, 5.5, 8 ], "texture": "#texture" },
        "north": { "uv": [ 5, 5.5, 5.5, 8 ], "texture": "#texture" },
        "south": { "uv": [ 5, 5.5, 5.5, 8 ], "texture": "#texture" },
        "west":  { "uv": [ 5, 5.5, 5.5, 8 ], "texture": "#texture" },
        "east":  { "uv": [ 5, 5.5, 5.5, 8 ], "texture": "#texture" }
    }
},
{
    "from": [ 7.8, 8.5, 5 ],
    "to": [ 8.3, 10.5, 5.5 ],
    "faces": {
        "down":  { "uv": [ 5.5, 7, 6, 7.5 ], "texture": "#texture" },
        "north": { "uv": [ 5.5, 5.5, 6, 7.5 ], "texture": "#texture" },
        "south": { "uv": [ 5.5, 5.5, 6, 7.5 ], "texture": "#texture" },
        "west":  { "uv": [ 5.5, 5.5, 6, 7.5 ], "texture": "#texture" },
        "east":  { "uv": [ 5.5, 5.5, 6, 7.5 ], "texture": "#texture" }
    }
},
{
    "from": [ 7.8, 9, 5.5 ],
    "to": [ 8.3, 10.5, 6 ],
    "faces": {
        "down":  { "uv": [ 6, 6.5, 6.5, 7 ], "texture": "#texture" },
        "north": { "uv": [ 6, 5.5, 6.5, 7 ], "texture": "#texture" },
        "south": { "uv": [ 6, 5.5, 6.5, 7 ], "texture": "#texture" },
        "west":  { "uv": [ 6, 5.5, 6.5, 7 ], "texture": "#texture" },
        "east":  { "uv": [ 6, 5.5, 6.5, 7 ], "texture": "#texture" }
    }
},
{
    "from": [ 7.8, 9.5, 6 ],
    "to": [ 8.3, 10.5, 6.5 ],
    "faces": {
        "down":  { "uv": [ 6.5, 6, 7, 6.5 ], "texture": "#texture" },
        "north": { "uv": [ 6.5, 5.5, 7, 6.5 ], "texture": "#texture" },
        "south": { "uv": [ 6.5, 5.5, 7, 6.5 ], "texture": "#texture" },
        "west":  { "uv": [ 6.5, 5.5, 7, 6.5 ], "texture": "#texture" },
        "east":  { "uv": [ 6.5, 5.5, 7, 6.5 ], "texture": "#texture" }
    }
},
{
    "from": [ 7.8, 10, 6.5 ],
    "to": [ 8.3, 10.5, 7.5 ],
    "faces": {
        "down":  { "uv": [ 7, 5.5, 8, 6 ], "rotation": 270, "texture": "#texture" },
        "up":    { "uv": [ 7, 5.5, 8, 6 ], "texture": "#texture" },
        "north": { "uv": [ 7, 5.5, 8, 6 ], "texture": "#texture" },
        "south": { "uv": [ 7, 5.5, 8, 6 ], "texture": "#texture" },
        "west":  { "uv": [ 7, 5.5, 8, 6 ], "texture": "#texture" },
        "east":  { "uv": [ 7, 5.5, 8, 6 ], "texture": "#texture" }
    }
},
{
    "from": [ 7.5, 13.5, 4 ],
    "to": [ 8.5, 14.5, 9 ],
    "faces": {
        "up":    { "uv": [ 4.5, 1.5, 9.5, 2 ], "rotation": 90, "texture": "#texture" },
        "north": { "uv": [ 4.5, 1.5, 5, 2.5 ], "texture": "#texture" },
        "west":  { "uv": [ 4.5, 1.5, 9.5, 2.5 ], "texture": "#texture" },
        "east":  { "uv": [ 9.5, 1.5, 4.5, 2.5 ], "texture": "#texture" }
    }
},
{
    "from": [ 7.5, 11, 3.5 ],
    "to": [ 8.5, 13.5, 9 ],
    "faces": {
        "down":  { "uv": [ 4, 4.5, 9.5, 5 ], "rotation": 270, "texture": "#texture" },
        "up":    { "uv": [ 4, 2.5, 9.5, 3 ], "rotation": 90, "texture": "#texture" },
        "north": { "uv": [ 4, 2.5, 4.5, 5 ], "texture": "#texture" },
        "west":  { "uv": [ 4, 2.5, 9.5, 5 ], "texture": "#texture" },
        "east":  { "uv": [ 9.5, 2.5, 4, 5 ], "texture": "#texture" }
    }
},
{
    "from": [ 7.5, 14.5, 4.5 ],
    "to": [ 8.5, 15, 9 ],
    "faces": {
        "up":    { "uv": [ 5, 1, 9.5, 1.5 ], "rotation": 90, "texture": "#texture" },
        "north": { "uv": [ 5, 1, 5.5, 1.5 ], "texture": "#texture" },
        "west":  { "uv": [ 5, 1, 9.5, 1.5 ], "texture": "#texture" },
        "east":  { "uv": [ 9.5, 1, 5, 1.5 ], "texture": "#texture" }
    }
},
{
    "from": [ 7.5, 10.5, 4 ],
    "to": [ 8.5, 11, 7 ],
    "faces": {
        "down":  { "uv": [ 4.5, 5, 7.5, 5.5 ], "rotation": 270, "texture": "#texture" },
        "north": { "uv": [ 6, 5, 7, 5.5 ], "texture": "#texture" },
        "south": { "uv": [ 6, 5, 7, 5.5 ], "texture": "#texture" },
        "west":  { "uv": [ 4.5, 5, 7.5, 5.5 ], "texture": "#texture" },
        "east":  { "uv": [ 7.5, 5, 4.5, 5.5 ], "texture": "#texture" }
    }
},
{
    "from": [ 7.5, 10, 4 ],
    "to": [ 8.5, 10.5, 6 ],
    "faces": {
        "down":  { "uv": [ 5, 5.5, 5.5, 6 ], "texture": "#texture" },
        "north": { "uv": [ 5.5, 5.5, 6.5, 6 ], "texture": "#texture" },
        "south": { "uv": [ 5.5, 5.5, 6.5, 6 ], "texture": "#texture" },
        "west":  { "uv": [ 4.5, 5.5, 6.5, 6 ], "texture": "#texture" },
        "east":  { "uv": [ 6.5, 5.5, 4.5, 6 ], "texture": "#texture" }
    }
},
{
    "from": [ 7.5, 9.5, 4 ],
    "to": [ 8.5, 10, 5.5 ],
    "faces": {
        "down":  { "uv": [ 5.5, 6, 6, 6.5 ], "texture": "#texture" },
        "north": { "uv": [ 4.5, 6, 5, 6.5 ], "texture": "#texture" },
        "south": { "uv": [ 5.5, 6, 6, 6.5 ], "texture": "#texture" },
        "west":  { "uv": [ 4.5, 6, 6, 6.5 ], "texture": "#texture" },
        "east":  { "uv": [ 6, 6, 4.5, 6.5 ], "texture": "#texture" }
    }
},
{
    "from": [ 7.5, 9, 4 ],
    "to": [ 8.5, 9.5, 5 ],
    "faces": {
        "down":  { "uv": [ 5, 6.5, 5.5, 7 ], "texture": "#texture" },
        "north": { "uv": [ 4.5, 6.5, 5.5, 7 ], "texture": "#texture" },
        "south": { "uv": [ 4.5, 6.5, 5.5, 7 ], "texture": "#texture" },
        "west":  { "uv": [ 4.5, 6.5, 5.5, 7 ], "texture": "#texture" },
        "east":  { "uv": [ 5.5, 6.5, 4.5, 7 ], "texture": "#texture" }
    }
},
{
    "from": [ 7.5, 8.5, 4 ],
    "to": [ 8.5, 9, 4.5 ],
    "faces": {
        "down":  { "uv": [ 4.5, 7, 5, 7.5 ], "texture": "#texture" },
        "north": { "uv": [ 4.5, 7, 5, 7.5 ], "texture": "#texture" },
        "south": { "uv": [ 4.5, 7, 5, 7.5 ], "texture": "#texture" },
        "west":  { "uv": [ 4.5, 7, 5, 7.5 ], "texture": "#texture" },
        "east":  { "uv": [ 4.5, 7, 5, 7.5 ], "texture": "#texture" }
    }
},
{
    "from": [ 7.5, -3, 9.5 ],
    "to": [ 8.5, 0, 11.5 ],
    "faces": {
        "down":  { "uv": [ 13, 15.5, 15, 16 ], "rotation": 270, "texture": "#texture" },
        "up":    { "uv": [ 13, 13, 15, 13.5 ], "rotation": 90, "texture": "#texture" },
        "north": { "uv": [ 13, 13, 13.5, 16 ], "texture": "#texture" },
        "south": { "uv": [ 14.5, 13, 15, 16 ], "texture": "#texture" },
        "west":  { "uv": [ 13, 13, 15, 16 ], "texture": "#texture" },
        "east":  { "uv": [ 15, 13, 13, 16 ], "texture": "#texture" }
    }
},
{
    "from": [ 7.5, -2.5, 9 ],
    "to": [ 8.5, -0.5, 12 ],
    "faces": {
        "down":  { "uv": [ 12.5, 15, 15.5, 15.5 ], "rotation": 270, "texture": "#texture" },
        "up":    { "uv": [ 12.5, 13.5, 15.5, 14 ], "rotation": 90, "texture": "#texture" },
        "north": { "uv": [ 12.5, 13.5, 13, 15.5 ], "texture": "#texture" },
        "south": { "uv": [ 15, 13.5, 15.5, 15.5 ], "texture": "#texture" },
        "west":  { "uv": [ 12.5, 13.5, 15.5, 15.5 ], "texture": "#texture" },
        "east":  { "uv": [ 15.5, 13.5, 12.5, 15.5 ], "texture": "#texture" }
    }
},
{
    "from": [ 7.25, -2, 9.5 ],
    "to": [ 8.75, -1, 11.5 ],
    "faces": {
        "down":  { "uv": [ 13, 14.5, 15, 15 ], "rotation": 270, "texture": "#texture" },
        "up":    { "uv": [ 13, 14, 15, 14.5 ], "rotation": 90, "texture": "#texture" },
        "north": { "uv": [ 13, 14, 13.5, 15 ], "texture": "#texture" },
        "south": { "uv": [ 14.5, 14, 15, 15 ], "texture": "#texture" },
        "west":  { "uv": [ 13, 14, 15, 15 ], "texture": "#texture" },
        "east":  { "uv": [ 13, 14, 15, 15 ], "texture": "#texture" }
    }
},
{
    "from": [ 7.25, -2.5, 10 ],
    "to": [ 8.75, -0.5, 11 ],
    "faces": {
        "down":  { "uv": [ 13.5, 15, 14, 15.5 ], "texture": "#texture" },
        "up":    { "uv": [ 13.5, 13.5, 14, 14 ], "texture": "#texture" },
        "north": { "uv": [ 13.5, 13.5, 14, 15.5 ], "texture": "#texture" },
        "south": { "uv": [ 14, 13.5, 14.5, 15.5 ], "texture": "#texture" },
        "west":  { "uv": [ 13.5, 13.5, 14.5, 15.5 ], "texture": "#texture" },
        "east":  { "uv": [ 14.5, 13.5, 13.5, 15.5 ], "texture": "#texture" }
    }
}
],
"display": {
    "thirdperson_righthand": {
        "rotation": [ 0, 0, 0 ],
        "translation": [ 0, 4.16, -0.38 ],
        "scale": [ 1.2, 1.2, 1.2 ]
    },
    "ground": {
        "rotation": [ 45, 0, 0 ],
        "translation": [ 0, 3.97, 0 ],
        "scale": [ 0.3, 0.3, 0.3 ]
    },
    "fixed": {
        "rotation": [ 90, -45, 90 ],
        "translation": [ 0.38, 0.57, 0 ],
        "scale": [ 1, 1, 1 ]
    },
    "firstperson_righthand": {
        "rotation": [ 18, 3, -3 ],
        "translation": [ 3.21, 1.13, -4.34 ],
        "scale": [ 1.1, 1.1, 1.1 ]
    },
    "gui": {
        "rotation": [ 90, 45, -90 ],
        "translation": [ 0, 0.76, 0 ],
        "scale": [ 0.8, 0.8, 0.8 ]
    }
}
}