{
"__comment": "Designed by tomaxed with Cubik Pro",
"textures": {
    "particle": "weaponstools/golden_sword",
    "texture": "weaponstools/golden_sword"
},

	
"elements": [ 
{
    "from": [ 7.5, 0, 7.5 ],
    "to": [ 8.5, 1, 9.5 ],
    "faces": {
        "down":  { "uv": [ 13.5, 15, 15.5, 15.5 ], "rotation": 270, "texture": "#texture" },
        "up":    { "uv": [ 13.5, 14.5, 15.5, 15 ], "rotation": 90, "texture": "#texture" },
        "north": { "uv": [ 14, 14.5, 14.5, 15.5 ], "texture": "#texture" },
        "south": { "uv": [ 14.5, 14.5, 15, 15.5 ], "texture": "#texture" },
        "west":  { "uv": [ 13.5, 14.5, 15.5, 15.5 ], "texture": "#texture" },
        "east":  { "uv": [ 15.5, 14.5, 13.5, 15.5 ], "texture": "#texture" }
    }
},
{
    "from": [ 7.5, -0.5, 8 ],
    "to": [ 8.5, 1.5, 9 ],
    "faces": {
        "down":  { "uv": [ 14, 15.5, 15, 16 ], "rotation": 270, "texture": "#texture" },
        "up":    { "uv": [ 14, 14, 15, 14.5 ], "rotation": 90, "texture": "#texture" },
        "north": { "uv": [ 14, 14, 14.5, 16 ], "texture": "#texture" },
        "south": { "uv": [ 14.5, 14, 15, 16 ], "texture": "#texture" },
        "west":  { "uv": [ 14, 14, 15, 16 ], "texture": "#texture" },
        "east":  { "uv": [ 15, 14, 14, 16 ], "texture": "#texture" }
    }
},
{
    "from": [ 7.25, 0, 8 ],
    "to": [ 8.75, 1, 9 ],
    "faces": {
        "down":  { "uv": [ 14, 15, 15, 15.5 ], "rotation": 270, "texture": "#texture" },
        "up":    { "uv": [ 14, 14.5, 15, 15 ], "rotation": 90, "texture": "#texture" },
        "north": { "uv": [ 14, 14.5, 14.5, 15.5 ], "texture": "#texture" },
        "south": { "uv": [ 14.5, 14.5, 15, 15.5 ], "texture": "#texture" },
        "west":  { "uv": [ 14, 14.5, 15, 15.5 ], "texture": "#texture" },
        "east":  { "uv": [ 15, 14.5, 14, 15.5 ], "texture": "#texture" }
    }
},
{
    "from": [ 7.75, 1.5, 8 ],
    "to": [ 8.25, 6.5, 9 ],
    "faces": {
        "north": { "uv": [ 14, 9, 14.5, 14 ], "texture": "#texture" },
        "south": { "uv": [ 14.5, 9, 15, 14 ], "texture": "#texture" },
        "west":  { "uv": [ 14, 9, 15, 14 ], "texture": "#texture" },
        "east":  { "uv": [ 15, 9, 14, 14 ], "texture": "#texture" }
    }
},
{
    "from": [ 7.25, 6.5, 7.5 ],
    "to": [ 8.75, 7, 9.5 ],
    "faces": {
        "down":  { "uv": [ 7.5, 15.5, 9.5, 16 ], "rotation": 270, "texture": "#texture" },
        "up":    { "uv": [ 7.5, 15.5, 9.5, 16 ], "rotation": 90, "texture": "#texture" },
        "north": { "uv": [ 7.5, 15.5, 8, 16 ], "texture": "#texture" },
        "south": { "uv": [ 9, 15.5, 9.5, 16 ], "texture": "#texture" },
        "west":  { "uv": [ 7.5, 15.5, 9.5, 16 ], "texture": "#texture" },
        "east":  { "uv": [ 9.5, 15.5, 7.5, 16 ], "texture": "#texture" }
    }
},
{
    "from": [ 7.25, 7, 9.5 ],
    "to": [ 8.75, 8.5, 10 ],
    "faces": {
        "down":  { "uv": [ 9.5, 14, 10, 15.5 ], "rotation": 270, "texture": "#texture" },
        "up":    { "uv": [ 9.5, 14, 10, 15.5 ], "rotation": 90, "texture": "#texture" },
        "north": { "uv": [ 9.5, 14, 10, 15.5 ], "texture": "#texture" },
        "south": { "uv": [ 9.5, 14, 10, 15.5 ], "texture": "#texture" },
        "west":  { "uv": [ 9.5, 14, 10, 15.5 ], "texture": "#texture" },
        "east":  { "uv": [ 9.5, 14, 10, 15.5 ], "texture": "#texture" }
    }
},
{
    "from": [ 7.25, 7, 7 ],
    "to": [ 8.75, 8.5, 7.5 ],
    "faces": {
        "down":  { "uv": [ 7, 14, 7.5, 15.5 ], "rotation": 270, "texture": "#texture" },
        "up":    { "uv": [ 7, 14, 7.5, 15.5 ], "rotation": 90, "texture": "#texture" },
        "north": { "uv": [ 7, 14, 7.5, 15.5 ], "texture": "#texture" },
        "south": { "uv": [ 7, 14, 7.5, 15.5 ], "texture": "#texture" },
        "west":  { "uv": [ 7, 14, 7.5, 15.5 ], "texture": "#texture" },
        "east":  { "uv": [ 7, 14, 7.5, 15.5 ], "texture": "#texture" }
    }
},
{
    "from": [ 7.25, 8.5, 9 ],
    "to": [ 8.75, 9, 9.5 ],
    "faces": {
        "down":  { "uv": [ 9, 13.5, 9.5, 14 ], "texture": "#texture" },
        "up":    { "uv": [ 9, 13.5, 9.5, 14 ], "texture": "#texture" },
        "north": { "uv": [ 9, 13.5, 9.5, 14 ], "texture": "#texture" },
        "south": { "uv": [ 9, 13.5, 9.5, 14 ], "texture": "#texture" },
        "west":  { "uv": [ 9, 13.5, 9.5, 14 ], "texture": "#texture" },
        "east":  { "uv": [ 9, 13.5, 9.5, 14 ], "texture": "#texture" }
    }
},
{
    "from": [ 7.25, 8.5, 7.5 ],
    "to": [ 8.75, 9, 8 ],
    "faces": {
        "down":  { "uv": [ 7.5, 13.5, 8, 14 ], "texture": "#texture" },
        "up":    { "uv": [ 7.5, 13.5, 8, 14 ], "texture": "#texture" },
        "north": { "uv": [ 7.5, 13.5, 8, 14 ], "texture": "#texture" },
        "south": { "uv": [ 7.5, 13.5, 8, 14 ], "texture": "#texture" },
        "west":  { "uv": [ 7.5, 13.5, 8, 14 ], "texture": "#texture" },
        "east":  { "uv": [ 7.5, 13.5, 8, 14 ], "texture": "#texture" }
    }
},
{
    "from": [ 7.75, 7, 5.5 ],
    "to": [ 8.25, 7.5, 7 ],
    "faces": {
        "down":  { "uv": [ 5.5, 15, 7, 15.5 ], "rotation": 270, "texture": "#texture" },
        "up":    { "uv": [ 5.5, 15, 7, 15.5 ], "rotation": 90, "texture": "#texture" },
        "west":  { "uv": [ 5.5, 15, 7, 15.5 ], "texture": "#texture" },
        "east":  { "uv": [ 7, 15, 5.5, 15.5 ], "texture": "#texture" }
    }
},
{
    "from": [ 7.75, 7.5, 5 ],
    "to": [ 8.25, 8, 6.5 ],
    "faces": {
        "down":  { "uv": [ 5, 14.5, 6.5, 15 ], "rotation": 270, "texture": "#texture" },
        "up":    { "uv": [ 5, 14.5, 6.5, 15 ], "rotation": 90, "texture": "#texture" },
        "south": { "uv": [ 6, 14.5, 6.5, 15 ], "texture": "#texture" },
        "west":  { "uv": [ 5, 14.5, 6.5, 15 ], "texture": "#texture" },
        "east":  { "uv": [ 6.5, 14.5, 5, 15 ], "texture": "#texture" }
    }
},
{
    "from": [ 7.75, 8, 5.5 ],
    "to": [ 8.25, 8.5, 7 ],
    "faces": {
        "down":  { "uv": [ 5.5, 14, 7, 14.5 ], "rotation": 270, "texture": "#texture" },
        "up":    { "uv": [ 5.5, 14, 7, 14.5 ], "rotation": 90, "texture": "#texture" },
        "north": { "uv": [ 5.5, 14, 6, 14.5 ], "texture": "#texture" },
        "west":  { "uv": [ 5.5, 14, 7, 14.5 ], "texture": "#texture" },
        "east":  { "uv": [ 7, 14, 5.5, 14.5 ], "texture": "#texture" }
    }
},
{
    "from": [ 7.75, 8.5, 6.5 ],
    "to": [ 8.25, 9, 7.5 ],
    "faces": {
        "down":  { "uv": [ 6.5, 13.5, 7.5, 14 ], "rotation": 270, "texture": "#texture" },
        "up":    { "uv": [ 6.5, 13.5, 7.5, 14 ], "rotation": 90, "texture": "#texture" },
        "north": { "uv": [ 6.5, 13.5, 7, 14 ], "texture": "#texture" },
        "west":  { "uv": [ 6.5, 13.5, 7.5, 14 ], "texture": "#texture" },
        "east":  { "uv": [ 7.5, 13.5, 6.5, 14 ], "texture": "#texture" }
    }
},
{
    "from": [ 7.75, 9, 6 ],
    "to": [ 8.25, 9.5, 6.5 ],
    "faces": {
        "down":  { "uv": [ 6, 13, 6.5, 13.5 ], "texture": "#texture" },
        "up":    { "uv": [ 6, 13, 6.5, 13.5 ], "texture": "#texture" },
        "north": { "uv": [ 6, 13, 6.5, 13.5 ], "texture": "#texture" },
        "south": { "uv": [ 6, 13, 6.5, 13.5 ], "texture": "#texture" },
        "west":  { "uv": [ 6, 13, 6.5, 13.5 ], "texture": "#texture" },
        "east":  { "uv": [ 6, 13, 6.5, 13.5 ], "texture": "#texture" }
    }
},
{
    "from": [ 7.75, 7, 7.5 ],
    "to": [ 8.25, 9, 9.5 ],
    "faces": {
        "north": { "uv": [ 7.5, 13.5, 8, 15.5 ], "texture": "#texture" },
        "south": { "uv": [ 9, 13.5, 9.5, 15.5 ], "texture": "#texture" },
        "west":  { "uv": [ 7.5, 13.5, 9.5, 15.5 ], "texture": "#texture" },
        "east":  { "uv": [ 9.5, 13.5, 7.5, 15.5 ], "texture": "#texture" }
    }
},
{
    "from": [ 7.75, 9, 7 ],
    "to": [ 8.25, 9.5, 10 ],
    "faces": {
        "down":  { "uv": [ 7, 13, 10, 13.5 ], "rotation": 270, "texture": "#texture" },
        "up":    { "uv": [ 7, 13, 10, 13.5 ], "rotation": 90, "texture": "#texture" },
        "north": { "uv": [ 7, 13, 7.5, 13.5 ], "texture": "#texture" },
        "south": { "uv": [ 9.5, 13, 10, 13.5 ], "texture": "#texture" },
        "west":  { "uv": [ 7, 13, 10, 13.5 ], "texture": "#texture" },
        "east":  { "uv": [ 10, 13, 7, 13.5 ], "texture": "#texture" }
    }
},
{
    "from": [ 7.75, 9, 10.5 ],
    "to": [ 8.25, 9.5, 11 ],
    "faces": {
        "down":  { "uv": [ 10.5, 13, 11, 13.5 ], "texture": "#texture" },
        "up":    { "uv": [ 10.5, 13, 11, 13.5 ], "texture": "#texture" },
        "north": { "uv": [ 10.5, 13, 11, 13.5 ], "texture": "#texture" },
        "south": { "uv": [ 10.5, 13, 11, 13.5 ], "texture": "#texture" },
        "west":  { "uv": [ 10.5, 13, 11, 13.5 ], "texture": "#texture" },
        "east":  { "uv": [ 10.5, 13, 11, 13.5 ], "texture": "#texture" }
    }
},
{
    "from": [ 7.75, 8.5, 9.5 ],
    "to": [ 8.25, 9, 10.5 ],
    "faces": {
        "down":  { "uv": [ 9.5, 13.5, 10.5, 14 ], "rotation": 270, "texture": "#texture" },
        "up":    { "uv": [ 9.5, 13.5, 10.5, 14 ], "rotation": 90, "texture": "#texture" },
        "south": { "uv": [ 10, 13.5, 10.5, 14 ], "texture": "#texture" },
        "west":  { "uv": [ 9.5, 13.5, 10.5, 14 ], "texture": "#texture" },
        "east":  { "uv": [ 10.5, 13.5, 9.5, 14 ], "texture": "#texture" }
    }
},
{
    "from": [ 7.75, 8, 10 ],
    "to": [ 8.25, 8.5, 11.5 ],
    "faces": {
        "down":  { "uv": [ 10, 14, 11.5, 14.5 ], "rotation": 270, "texture": "#texture" },
        "up":    { "uv": [ 10, 14, 11.5, 14.5 ], "rotation": 90, "texture": "#texture" },
        "south": { "uv": [ 11, 14, 11.5, 14.5 ], "texture": "#texture" },
        "west":  { "uv": [ 10, 14, 11.5, 14.5 ], "texture": "#texture" },
        "east":  { "uv": [ 11.5, 14, 10, 14.5 ], "texture": "#texture" }
    }
},
{
    "from": [ 7.75, 7.5, 10.5 ],
    "to": [ 8.25, 8, 12 ],
    "faces": {
        "down":  { "uv": [ 10.5, 14.5, 12, 15 ], "rotation": 270, "texture": "#texture" },
        "up":    { "uv": [ 10.5, 14.5, 12, 15 ], "rotation": 90, "texture": "#texture" },
        "north": { "uv": [ 10.5, 14.5, 11, 15 ], "texture": "#texture" },
        "west":  { "uv": [ 10.5, 14.5, 12, 15 ], "texture": "#texture" },
        "east":  { "uv": [ 12, 14.5, 10.5, 15 ], "texture": "#texture" }
    }
},
{
    "from": [ 7.75, 7, 10 ],
    "to": [ 8.25, 7.5, 11.5 ],
    "faces": {
        "down":  { "uv": [ 10, 15, 11.5, 15.5 ], "rotation": 270, "texture": "#texture" },
        "up":    { "uv": [ 10, 15, 11.5, 15.5 ], "rotation": 90, "texture": "#texture" },
        "west":  { "uv": [ 10, 15, 11.5, 15.5 ], "texture": "#texture" },
        "east":  { "uv": [ 11.5, 15, 10, 15.5 ], "texture": "#texture" }
    }
},
{
    "from": [ 7.5, 7, 7.5 ],
    "to": [ 7.5625, 9.5, 9.5 ],
    "faces": {
        "west":  { "uv": [ 13.5, 5.5, 15.5, 8 ], "texture": "#texture" },
        "east":  { "uv": [ 15.5, 5.5, 13.5, 8 ], "texture": "#texture" }
    }
},
{
    "from": [ 8.5, 7, 7.5 ],
    "to": [ 8.5625, 9.5, 9.5 ],
    "faces": {
        "west":  { "uv": [ 13.5, 5.5, 15.5, 8 ], "texture": "#texture" },
        "east":  { "uv": [ 15.5, 5.5, 13.5, 8 ], "texture": "#texture" }
    }
},
{
    "from": [ 7.875, 9.5, 7 ],
    "to": [ 8.125, 13.5, 10 ],
    "faces": {
        "up":    { "uv": [ 7, 9, 10, 9.5 ], "rotation": 90, "texture": "#texture" },
        "north": { "uv": [ 7, 9, 7.5, 13 ], "texture": "#texture" },
        "south": { "uv": [ 9.5, 9, 10, 13 ], "texture": "#texture" },
        "west":  { "uv": [ 7, 9, 10, 13 ], "texture": "#texture" },
        "east":  { "uv": [ 10, 9, 7, 13 ], "texture": "#texture" }
    }
},
{
    "from": [ 7.75, 9.5, 7 ],
    "to": [ 8.25, 10, 7.5 ],
    "faces": {
        "up":    { "uv": [ 7, 12.5, 7.5, 13 ], "texture": "#texture" },
        "north": { "uv": [ 7, 12.5, 7.5, 13 ], "texture": "#texture" },
        "south": { "uv": [ 7, 12.5, 7.5, 13 ], "texture": "#texture" },
        "west":  { "uv": [ 7, 12.5, 7.5, 13 ], "texture": "#texture" },
        "east":  { "uv": [ 7, 12.5, 7.5, 13 ], "texture": "#texture" }
    }
},
{
    "from": [ 7.75, 9.5, 9.5 ],
    "to": [ 8.25, 10, 10 ],
    "faces": {
        "up":    { "uv": [ 9.5, 12.5, 10, 13 ], "texture": "#texture" },
        "north": { "uv": [ 9.5, 12.5, 10, 13 ], "texture": "#texture" },
        "south": { "uv": [ 9.5, 12.5, 10, 13 ], "texture": "#texture" },
        "west":  { "uv": [ 9.5, 12.5, 10, 13 ], "texture": "#texture" },
        "east":  { "uv": [ 9.5, 12.5, 10, 13 ], "texture": "#texture" }
    }
},
{
    "from": [ 7.5, 9.5, 8 ],
    "to": [ 8.5, 10, 9 ],
    "faces": {
        "down":  { "uv": [ 8, 12.5, 9, 13 ], "rotation": 270, "texture": "#texture" },
        "up":    { "uv": [ 8, 12.5, 9, 13 ], "rotation": 90, "texture": "#texture" },
        "north": { "uv": [ 8, 12.5, 8.5, 13 ], "texture": "#texture" },
        "south": { "uv": [ 8.5, 12.5, 9, 13 ], "texture": "#texture" },
        "west":  { "uv": [ 8, 12.5, 9, 13 ], "texture": "#texture" },
        "east":  { "uv": [ 9, 12.5, 8, 13 ], "texture": "#texture" }
    }
},
{
    "from": [ 7.75, 10, 6.5 ],
    "to": [ 8.25, 10.5, 7 ],
    "faces": {
        "down":  { "uv": [ 6.5, 12, 7, 12.5 ], "texture": "#texture" },
        "up":    { "uv": [ 6.5, 12, 7, 12.5 ], "texture": "#texture" },
        "north": { "uv": [ 6.5, 12, 7, 12.5 ], "texture": "#texture" },
        "south": { "uv": [ 6.5, 12, 7, 12.5 ], "texture": "#texture" },
        "west":  { "uv": [ 6.5, 12, 7, 12.5 ], "texture": "#texture" },
        "east":  { "uv": [ 6.5, 12, 7, 12.5 ], "texture": "#texture" }
    }
},
{
    "from": [ 7.75, 10, 10 ],
    "to": [ 8.25, 10.5, 10.5 ],
    "faces": {
        "down":  { "uv": [ 10, 12, 10.5, 12.5 ], "texture": "#texture" },
        "up":    { "uv": [ 10, 12, 10.5, 12.5 ], "texture": "#texture" },
        "north": { "uv": [ 10, 12, 10.5, 12.5 ], "texture": "#texture" },
        "south": { "uv": [ 10, 12, 10.5, 12.5 ], "texture": "#texture" },
        "west":  { "uv": [ 10, 12, 10.5, 12.5 ], "texture": "#texture" },
        "east":  { "uv": [ 10, 12, 10.5, 12.5 ], "texture": "#texture" }
    }
},
{
    "from": [ 7.875, 13.5, 7.5 ],
    "to": [ 8.125, 16.5, 9.5 ],
    "faces": {
        "north": { "uv": [ 7.5, 6, 8, 9 ], "texture": "#texture" },
        "south": { "uv": [ 9, 6, 9.5, 9 ], "texture": "#texture" },
        "west":  { "uv": [ 7.5, 6, 9.5, 9 ], "texture": "#texture" },
        "east":  { "uv": [ 9.5, 6, 7.5, 9 ], "texture": "#texture" }
    }
},
{
    "from": [ 7.875, 16.5, 7 ],
    "to": [ 8.125, 21, 10 ],
    "faces": {
        "down":  { "uv": [ 0.5, 15.5, 3.5, 16 ], "rotation": 270, "texture": "#texture" },
        "north": { "uv": [ 0.5, 11.5, 1, 16 ], "texture": "#texture" },
        "south": { "uv": [ 3, 11.5, 3.5, 16 ], "texture": "#texture" },
        "west":  { "uv": [ 0.5, 11.5, 3.5, 16 ], "texture": "#texture" },
        "east":  { "uv": [ 3.5, 11.5, 0.5, 16 ], "texture": "#texture" }
    }
},
{
    "from": [ 7.875, 21, 6.5 ],
    "to": [ 8.125, 25.5, 10.5 ],
    "faces": {
        "down":  { "uv": [ 0, 11, 4, 11.5 ], "rotation": 270, "texture": "#texture" },
        "up":    { "uv": [ 0, 7, 4, 7.5 ], "rotation": 90, "texture": "#texture" },
        "north": { "uv": [ 0, 7, 0.5, 11.5 ], "texture": "#texture" },
        "south": { "uv": [ 3.5, 7, 4, 11.5 ], "texture": "#texture" },
        "west":  { "uv": [ 0, 7, 4, 11.5 ], "texture": "#texture" },
        "east":  { "uv": [ 4, 7, 0, 11.5 ], "texture": "#texture" }
    }
},
{
    "from": [ 7.875, 25.5, 7 ],
    "to": [ 8.125, 27, 10 ],
    "faces": {
        "up":    { "uv": [ 0.5, 5.5, 3.5, 6 ], "rotation": 90, "texture": "#texture" },
        "north": { "uv": [ 0.5, 5.5, 1, 7 ], "texture": "#texture" },
        "south": { "uv": [ 3, 5.5, 3.5, 7 ], "texture": "#texture" },
        "west":  { "uv": [ 0.5, 5.5, 3.5, 7 ], "texture": "#texture" },
        "east":  { "uv": [ 3.5, 5.5, 0.5, 7 ], "texture": "#texture" }
    }
},
{
    "from": [ 7.875, 27, 7.5 ],
    "to": [ 8.125, 28.5, 9.5 ],
    "faces": {
        "up":    { "uv": [ 1, 4, 3, 4.5 ], "rotation": 90, "texture": "#texture" },
        "north": { "uv": [ 1, 4, 1.5, 5.5 ], "texture": "#texture" },
        "south": { "uv": [ 2.5, 4, 3, 5.5 ], "texture": "#texture" },
        "west":  { "uv": [ 1, 4, 3, 5.5 ], "texture": "#texture" },
        "east":  { "uv": [ 3, 4, 1, 5.5 ], "texture": "#texture" }
    }
},
{
    "from": [ 7.875, 28.5, 8 ],
    "to": [ 8.125, 30, 9 ],
    "faces": {
        "up":    { "uv": [ 1.5, 2.5, 2.5, 3 ], "rotation": 90, "texture": "#texture" },
        "north": { "uv": [ 1.5, 2.5, 2, 4 ], "texture": "#texture" },
        "south": { "uv": [ 2, 2.5, 2.5, 4 ], "texture": "#texture" },
        "west":  { "uv": [ 1.5, 2.5, 2.5, 4 ], "texture": "#texture" },
        "east":  { "uv": [ 2.5, 2.5, 1.5, 4 ], "texture": "#texture" }
    }
},
{
    "from": [ 7.5, 6.5, 5 ],
    "to": [ 8.5, 7, 5.5 ],
    "faces": {
        "down":  { "uv": [ 5, 15.5, 5.5, 16 ], "texture": "#texture" },
        "north": { "uv": [ 5, 15.5, 5.5, 16 ], "texture": "#texture" },
        "south": { "uv": [ 5, 15.5, 5.5, 16 ], "texture": "#texture" },
        "west":  { "uv": [ 5, 15.5, 5.5, 16 ], "texture": "#texture" },
        "east":  { "uv": [ 5, 15.5, 5.5, 16 ], "texture": "#texture" }
    }
},
{
    "from": [ 7.5, 7, 4.5 ],
    "to": [ 8.5, 7.5, 5.5 ],
    "faces": {
        "down":  { "uv": [ 4.5, 15, 5.5, 15.5 ], "rotation": 270, "texture": "#texture" },
        "up":    { "uv": [ 4.5, 15, 5.5, 15.5 ], "rotation": 90, "texture": "#texture" },
        "north": { "uv": [ 4.5, 15, 5, 15.5 ], "texture": "#texture" },
        "south": { "uv": [ 5, 15, 5.5, 15.5 ], "texture": "#texture" },
        "west":  { "uv": [ 4.5, 15, 5.5, 15.5 ], "texture": "#texture" },
        "east":  { "uv": [ 5.5, 15, 4.5, 15.5 ], "texture": "#texture" }
    }
},
{
    "from": [ 7.5, 7.5, 4 ],
    "to": [ 8.5, 8.5, 5 ],
    "faces": {
        "down":  { "uv": [ 4, 14.5, 5, 15 ], "rotation": 270, "texture": "#texture" },
        "up":    { "uv": [ 4, 14, 5, 14.5 ], "rotation": 90, "texture": "#texture" },
        "north": { "uv": [ 4, 14, 4.5, 15 ], "texture": "#texture" },
        "south": { "uv": [ 4.5, 14, 5, 15 ], "texture": "#texture" },
        "west":  { "uv": [ 4, 14, 5, 15 ], "texture": "#texture" },
        "east":  { "uv": [ 5, 14, 4, 15 ], "texture": "#texture" }
    }
},
{
    "from": [ 7.5, 8.5, 4.5 ],
    "to": [ 8.5, 9, 5 ],
    "faces": {
        "up":    { "uv": [ 4.5, 13.5, 5, 14 ], "rotation": 90, "texture": "#texture" },
        "north": { "uv": [ 4.5, 13.5, 5, 14 ], "texture": "#texture" },
        "south": { "uv": [ 4.5, 13.5, 5, 14 ], "texture": "#texture" },
        "west":  { "uv": [ 4.5, 13.5, 5, 14 ], "texture": "#texture" },
        "east":  { "uv": [ 4.5, 13.5, 5, 14 ], "texture": "#texture" }
    }
},
{
    "from": [ 7.5, 6.5, 11.5 ],
    "to": [ 8.5, 7, 12 ],
    "faces": {
        "down":  { "uv": [ 11.5, 15.5, 12, 16 ], "texture": "#texture" },
        "north": { "uv": [ 11.5, 15.5, 12, 16 ], "texture": "#texture" },
        "south": { "uv": [ 11.5, 15.5, 12, 16 ], "texture": "#texture" },
        "west":  { "uv": [ 11.5, 15.5, 12, 16 ], "texture": "#texture" },
        "east":  { "uv": [ 11.5, 15.5, 12, 16 ], "texture": "#texture" }
    }
},
{
    "from": [ 7.5, 7, 11.5 ],
    "to": [ 8.5, 7.5, 12.5 ],
    "faces": {
        "down":  { "uv": [ 11.5, 15, 12.5, 15.5 ], "rotation": 270, "texture": "#texture" },
        "up":    { "uv": [ 11.5, 15, 12.5, 15.5 ], "rotation": 90, "texture": "#texture" },
        "north": { "uv": [ 11.5, 15, 12, 15.5 ], "texture": "#texture" },
        "south": { "uv": [ 12, 15, 12.5, 15.5 ], "texture": "#texture" },
        "west":  { "uv": [ 11.5, 15, 12.5, 15.5 ], "texture": "#texture" },
        "east":  { "uv": [ 11.5, 15, 12.5, 15.5 ], "texture": "#texture" }
    }
},
{
    "from": [ 7.5, 7.5, 12 ],
    "to": [ 8.5, 8.5, 13 ],
    "faces": {
        "down":  { "uv": [ 12, 14, 13, 14.5 ], "rotation": 270, "texture": "#texture" },
        "up":    { "uv": [ 12, 14, 13, 14.5 ], "rotation": 90, "texture": "#texture" },
        "north": { "uv": [ 12, 14, 12.5, 15 ], "texture": "#texture" },
        "south": { "uv": [ 12.5, 14, 13, 15 ], "texture": "#texture" },
        "west":  { "uv": [ 12, 14, 13, 15 ], "texture": "#texture" },
        "east":  { "uv": [ 12, 14, 13, 15 ], "texture": "#texture" }
    }
},
{
    "from": [ 7.5, 8.5, 12 ],
    "to": [ 8.5, 9, 12.5 ],
    "faces": {
        "up":    { "uv": [ 12, 13.5, 12.5, 14 ], "rotation": 90, "texture": "#texture" },
        "north": { "uv": [ 12, 13.5, 12.5, 14 ], "texture": "#texture" },
        "south": { "uv": [ 12, 13.5, 12.5, 14 ], "texture": "#texture" },
        "west":  { "uv": [ 12, 13.5, 12.5, 14 ], "texture": "#texture" },
        "east":  { "uv": [ 12, 13.5, 12.5, 14 ], "texture": "#texture" }
    }
},
{
    "from": [ 7.625, 10, 7.5 ],
    "to": [ 8.375, 13, 9.5 ],
    "faces": {
        "down":  { "uv": [ 7.5, 12, 9.5, 12.5 ], "rotation": 270, "texture": "#texture" },
        "up":    { "uv": [ 7.5, 9.5, 9.5, 10 ], "rotation": 90, "texture": "#texture" },
        "north": { "uv": [ 7.5, 9.5, 8, 12.5 ], "texture": "#texture" },
        "south": { "uv": [ 9, 9.5, 9.5, 12.5 ], "texture": "#texture" },
        "west":  { "uv": [ 7.5, 9.5, 9.5, 12.5 ], "texture": "#texture" },
        "east":  { "uv": [ 9.5, 9.5, 7.5, 12.5 ], "texture": "#texture" }
    }
},
{
    "from": [ 7.625, 13, 8 ],
    "to": [ 8.375, 16.5, 9 ],
    "faces": {
        "north": { "uv": [ 8, 6, 8.5, 9.5 ], "texture": "#texture" },
        "south": { "uv": [ 8.5, 6, 9, 9.5 ], "texture": "#texture" },
        "west":  { "uv": [ 8, 6, 9, 9.5 ], "texture": "#texture" },
        "east":  { "uv": [ 9, 6, 8, 9.5 ], "texture": "#texture" }
    }
},
{
    "from": [ 7.625, 16.5, 8 ],
    "to": [ 8.375, 17, 9 ],
    "faces": {
        "north": { "uv": [ 1.5, 15.5, 2, 16 ], "texture": "#texture" },
        "south": { "uv": [ 2, 15.5, 2.5, 16 ], "texture": "#texture" },
        "west":  { "uv": [ 1.5, 15.5, 2.5, 16 ], "texture": "#texture" },
        "east":  { "uv": [ 2.5, 15.5, 1.5, 16 ], "texture": "#texture" }
    }
},
{
    "from": [ 7.625, 17, 7.5 ],
    "to": [ 8.375, 21.5, 9.5 ],
    "faces": {
        "down":  { "uv": [ 1, 11, 3, 11.5 ], "rotation": 270, "texture": "#texture" },
        "north": { "uv": [ 1, 11, 1.5, 15.5 ], "texture": "#texture" },
        "south": { "uv": [ 2.5, 11, 3, 15.5 ], "texture": "#texture" },
        "west":  { "uv": [ 1, 11, 3, 15.5 ], "texture": "#texture" },
        "east":  { "uv": [ 3, 11, 1, 15.5 ], "texture": "#texture" }
    }
},
{
    "from": [ 7.625, 21.5, 7 ],
    "to": [ 8.375, 25, 10 ],
    "faces": {
        "down":  { "uv": [ 0.5, 10.5, 3.5, 11 ], "rotation": 270, "texture": "#texture" },
        "up":    { "uv": [ 0.5, 7.5, 3.5, 8 ], "rotation": 90, "texture": "#texture" },
        "north": { "uv": [ 0.5, 7.5, 1, 11 ], "texture": "#texture" },
        "south": { "uv": [ 3, 7.5, 3.5, 11 ], "texture": "#texture" },
        "west":  { "uv": [ 0.5, 7.5, 3.5, 11 ], "texture": "#texture" },
        "east":  { "uv": [ 3.5, 7.5, 0.5, 11 ], "texture": "#texture" }
    }
},
{
    "from": [ 7.625, 25, 7.5 ],
    "to": [ 8.375, 27, 9.5 ],
    "faces": {
        "up":    { "uv": [ 1, 5.5, 3, 6 ], "rotation": 90, "texture": "#texture" },
        "north": { "uv": [ 1, 5.5, 1.5, 7.5 ], "texture": "#texture" },
        "south": { "uv": [ 2.5, 5.5, 3, 7.5 ], "texture": "#texture" },
        "west":  { "uv": [ 1, 5.5, 3, 7.5 ], "texture": "#texture" },
        "east":  { "uv": [ 3, 5.5, 1, 7.5 ], "texture": "#texture" }
    }
},
{
    "from": [ 7.625, 27, 8 ],
    "to": [ 8.375, 28.5, 9 ],
    "faces": {
        "up":    { "uv": [ 1.5, 4, 2.5, 4.5 ], "rotation": 90, "texture": "#texture" },
        "north": { "uv": [ 1.5, 4, 2, 5.5 ], "texture": "#texture" },
        "south": { "uv": [ 2, 4, 2.5, 5.5 ], "texture": "#texture" },
        "west":  { "uv": [ 1.5, 4, 2.5, 5.5 ], "texture": "#texture" },
        "east":  { "uv": [ 2.5, 4, 1.5, 5.5 ], "texture": "#texture" }
    }
},
{
    "from": [ 7.375, 10, 8 ],
    "to": [ 8.625, 12.5, 9 ],
    "faces": {
        "down":  { "uv": [ 8, 12, 9, 12.5 ], "rotation": 270, "texture": "#texture" },
        "up":    { "uv": [ 8, 10, 9, 10.5 ], "rotation": 90, "texture": "#texture" },
        "north": { "uv": [ 8, 10, 8.5, 12.5 ], "texture": "#texture" },
        "south": { "uv": [ 8.5, 10, 9, 12.5 ], "texture": "#texture" },
        "west":  { "uv": [ 8, 10, 9, 12.5 ], "texture": "#texture" },
        "east":  { "uv": [ 9, 10, 8, 12.5 ], "texture": "#texture" }
    }
},
{
    "from": [ 7.375, 17.5, 8 ],
    "to": [ 8.625, 22, 9 ],
    "faces": {
        "down":  { "uv": [ 1.5, 14.5, 2.5, 15 ], "rotation": 270, "texture": "#texture" },
        "north": { "uv": [ 1.5, 10.5, 2, 15 ], "texture": "#texture" },
        "south": { "uv": [ 2, 10.5, 2.5, 15 ], "texture": "#texture" },
        "west":  { "uv": [ 1.5, 10.5, 2.5, 15 ], "texture": "#texture" },
        "east":  { "uv": [ 2.5, 10.5, 1.5, 15 ], "texture": "#texture" }
    }
},
{
    "from": [ 7.375, 22, 7.5 ],
    "to": [ 8.625, 24.5, 9.5 ],
    "faces": {
        "down":  { "uv": [ 1, 10, 3, 10.5 ], "rotation": 270, "texture": "#texture" },
        "up":    { "uv": [ 1, 8, 3, 8.5 ], "rotation": 90, "texture": "#texture" },
        "north": { "uv": [ 1, 8, 1.5, 10.5 ], "texture": "#texture" },
        "south": { "uv": [ 2.5, 8, 3, 10.5 ], "texture": "#texture" },
        "west":  { "uv": [ 1, 8, 3, 10.5 ], "texture": "#texture" },
        "east":  { "uv": [ 3, 8, 1, 10.5 ], "texture": "#texture" }
    }
},
{
    "from": [ 7.375, 24.5, 8 ],
    "to": [ 8.625, 26.5, 9 ],
    "faces": {
        "up":    { "uv": [ 1.5, 6, 2.5, 6.5 ], "rotation": 90, "texture": "#texture" },
        "north": { "uv": [ 1.5, 6, 2, 8 ], "texture": "#texture" },
        "south": { "uv": [ 2, 6, 2.5, 8 ], "texture": "#texture" },
        "west":  { "uv": [ 1.5, 6, 2.5, 8 ], "texture": "#texture" },
        "east":  { "uv": [ 2.5, 6, 1.5, 8 ], "texture": "#texture" }
    }
}
],
"display": {
    "thirdperson_righthand": {
        "rotation": [ 0, 0, 0 ],
        "translation": [ 0, 2.65, 1.89 ],
        "scale": [ 1.2, 1.2, 1.2 ]
    },
    "ground": {
        "rotation": [ 45, 0, 0 ],
        "translation": [ 0, 3.97, 0 ],
        "scale": [ 0.35, 0.35, 0.35 ]
    },
    "fixed": {
        "rotation": [ 90, -45, 90 ],
        "translation": [ 4.54, -3.78, -0.19 ],
        "scale": [ 0.84, 0.84, 0.84 ]
    },
    "firstperson_righthand": {
        "rotation": [ 14, 3, -4 ],
        "translation": [ 5.86, -0.56, -4.91 ],
        "scale": [ 0.7, 0.7, 0.7 ]
    },
    "gui": {
        "rotation": [ -90, -45, -90 ],
        "translation": [ -3.02, -3.59, 0 ],
        "scale": [ 0.7, 0.7, 0.7 ]
    }
}
}