{
"__comment": "Designed by tomaxed with Cubik",
"textures": {
    "particle": "weaponstools/iron_sword",
    "texture": "weaponstools/iron_sword"
},

	
"elements": [ 
{
    "from": [ 7.75, 6, 6 ],
    "to": [ 8.25, 7.5, 7.5 ],
    "faces": {
        "down":  { "uv": [ 2.5, 1.5, 4, 2 ], "rotation": 270, "texture": "#texture" },
        "north": { "uv": [ 2.5, 0.5, 3, 2 ], "texture": "#texture" },
        "south": { "uv": [ 3.5, 0.5, 4, 2 ], "texture": "#texture" },
        "west":  { "uv": [ 2.5, 0.5, 4, 2 ], "texture": "#texture" },
        "east":  { "uv": [ 4, 0.5, 2.5, 2 ], "texture": "#texture" }
    }
},
{
    "from": [ 7.5, 0, 7 ],
    "to": [ 8.5, 0.5, 10 ],
    "faces": {
        "down":  { "uv": [ 3.5, 7.5, 6.5, 8 ], "rotation": 270, "texture": "#texture" },
        "north": { "uv": [ 3.5, 7.5, 4, 8 ], "texture": "#texture" },
        "south": { "uv": [ 6, 7.5, 6.5, 8 ], "texture": "#texture" },
        "west":  { "uv": [ 3.5, 7.5, 6.5, 8 ], "texture": "#texture" },
        "east":  { "uv": [ 6.5, 7.5, 3.5, 8 ], "texture": "#texture" }
    }
},
{
    "from": [ 7.5, 0.5, 7 ],
    "to": [ 8.5, 1, 10.5 ],
    "faces": {
        "down":  { "uv": [ 3.5, 7, 7, 7.5 ], "rotation": 270, "texture": "#texture" },
        "north": { "uv": [ 3.5, 7, 4, 7.5 ], "texture": "#texture" },
        "south": { "uv": [ 6.5, 7, 7, 7.5 ], "texture": "#texture" },
        "west":  { "uv": [ 3.5, 7, 7, 7.5 ], "texture": "#texture" },
        "east":  { "uv": [ 7, 7, 3.5, 7.5 ], "texture": "#texture" }
    }
},
{
    "from": [ 7.5, 1, 6.5 ],
    "to": [ 8.5, 1.5, 11.5 ],
    "faces": {
        "down":  { "uv": [ 3, 6.5, 8, 7 ], "rotation": 270, "texture": "#texture" },
        "up":    { "uv": [ 3, 6.5, 8, 7 ], "rotation": 90, "texture": "#texture" },
        "north": { "uv": [ 3, 6.5, 3.5, 7 ], "texture": "#texture" },
        "south": { "uv": [ 7.5, 6.5, 8, 7 ], "texture": "#texture" },
        "west":  { "uv": [ 3, 6.5, 8, 7 ], "texture": "#texture" },
        "east":  { "uv": [ 8, 6.5, 3, 7 ], "texture": "#texture" }
    }
},
{
    "from": [ 7.5, 1.5, 4 ],
    "to": [ 8.5, 2, 7.5 ],
    "faces": {
        "down":  { "uv": [ 0.5, 6, 4, 6.5 ], "rotation": 270, "texture": "#texture" },
        "up":    { "uv": [ 0.5, 6, 4, 6.5 ], "texture": "#texture" },
        "north": { "uv": [ 0.5, 6, 1, 6.5 ], "texture": "#texture" },
        "south": { "uv": [ 3.5, 6, 4, 6.5 ], "texture": "#texture" },
        "west":  { "uv": [ 0.5, 6, 4, 6.5 ], "texture": "#texture" },
        "east":  { "uv": [ 4, 6, 0.5, 6.5 ], "texture": "#texture" }
    }
},
{
    "from": [ 7.5, 1, 4 ],
    "to": [ 8.5, 1.5, 5.5 ],
    "faces": {
        "down":  { "uv": [ 0.5, 6.5, 2, 7 ], "rotation": 270, "texture": "#texture" },
        "north": { "uv": [ 0.5, 6.5, 1, 7 ], "texture": "#texture" },
        "south": { "uv": [ 1.5, 6.5, 2, 7 ], "texture": "#texture" },
        "west":  { "uv": [ 0.5, 6.5, 2, 7 ], "texture": "#texture" },
        "east":  { "uv": [ 2, 6.5, 0.5, 7 ], "texture": "#texture" }
    }
},
{
    "from": [ 7.5, 0, 4.5 ],
    "to": [ 8.5, 1, 5 ],
    "faces": {
        "down":  { "uv": [ 1, 7.5, 1.5, 8 ], "texture": "#texture" },
        "north": { "uv": [ 1, 7, 1.5, 8 ], "texture": "#texture" },
        "south": { "uv": [ 1, 7, 1.5, 8 ], "texture": "#texture" },
        "west":  { "uv": [ 1, 7, 1.5, 8 ], "texture": "#texture" },
        "east":  { "uv": [ 1, 7, 1.5, 8 ], "texture": "#texture" }
    }
},
{
    "from": [ 7.5, 2, 4 ],
    "to": [ 8.5, 3.5, 7 ],
    "faces": {
        "north": { "uv": [ 0.5, 4.5, 1, 6 ], "texture": "#texture" },
        "south": { "uv": [ 3, 4.5, 3.5, 6 ], "texture": "#texture" },
        "west":  { "uv": [ 0.5, 4.5, 3.5, 6 ], "texture": "#texture" },
        "east":  { "uv": [ 3.5, 4.5, 0.5, 6 ], "texture": "#texture" }
    }
},
{
    "from": [ 7.5, 2.5, 3.5 ],
    "to": [ 8.5, 4, 4 ],
    "faces": {
        "down":  { "uv": [ 0, 5, 0.5, 5.5 ], "texture": "#texture" },
        "up":    { "uv": [ 0, 4, 0.5, 4.5 ], "texture": "#texture" },
        "north": { "uv": [ 0, 4, 0.5, 5.5 ], "texture": "#texture" },
        "west":  { "uv": [ 0, 4, 0.5, 5.5 ], "texture": "#texture" },
        "east":  { "uv": [ 0, 4, 0.5, 5.5 ], "texture": "#texture" }
    }
},
{
    "from": [ 7.5, 3.5, 4 ],
    "to": [ 8.5, 4, 7.5 ],
    "faces": {
        "down":  { "uv": [ 0.5, 4, 4, 4.5 ], "texture": "#texture" },
        "up":    { "uv": [ 0.5, 4, 4, 4.5 ], "texture": "#texture" },
        "south": { "uv": [ 3.5, 4, 4, 4.5 ], "texture": "#texture" },
        "west":  { "uv": [ 0.5, 4, 4, 4.5 ], "texture": "#texture" },
        "east":  { "uv": [ 4, 4, 0.5, 4.5 ], "texture": "#texture" }
    }
},
{
    "from": [ 7.5, 4, 4 ],
    "to": [ 8.5, 4.5, 5 ],
    "faces": {
        "up":    { "uv": [ 0.5, 3.5, 1.5, 4 ], "rotation": 90, "texture": "#texture" },
        "north": { "uv": [ 0.5, 3.5, 1, 4 ], "texture": "#texture" },
        "south": { "uv": [ 1, 3.5, 1.5, 4 ], "texture": "#texture" },
        "west":  { "uv": [ 0.5, 3.5, 1.5, 4 ], "texture": "#texture" },
        "east":  { "uv": [ 1.5, 3.5, 0.5, 4 ], "texture": "#texture" }
    }
},
{
    "from": [ 7.5, 4.5, 4 ],
    "to": [ 8.5, 6, 4.5 ],
    "faces": {
        "up":    { "uv": [ 0.5, 2, 1, 2.5 ], "texture": "#texture" },
        "north": { "uv": [ 0.5, 2, 1, 3.5 ], "texture": "#texture" },
        "south": { "uv": [ 0.5, 2, 1, 3.5 ], "texture": "#texture" },
        "west":  { "uv": [ 0.5, 2, 1, 3.5 ], "texture": "#texture" },
        "east":  { "uv": [ 0.5, 2, 1, 3.5 ], "texture": "#texture" }
    }
},
{
    "from": [ 7.5, 4, 5.5 ],
    "to": [ 8.5, 4.5, 9.5 ],
    "faces": {
        "down":  { "uv": [ 2, 3.5, 6, 4 ], "rotation": 270, "texture": "#texture" },
        "up":    { "uv": [ 2, 3.5, 6, 4 ], "rotation": 90, "texture": "#texture" },
        "north": { "uv": [ 2, 3.5, 2.5, 4 ], "texture": "#texture" },
        "south": { "uv": [ 5.5, 3.5, 6, 4 ], "texture": "#texture" },
        "west":  { "uv": [ 2, 3.5, 6, 4 ], "texture": "#texture" },
        "east":  { "uv": [ 6, 3.5, 2, 4 ], "texture": "#texture" }
    }
},
{
    "from": [ 7.5, 3.5, 9 ],
    "to": [ 8.5, 4, 11.5 ],
    "faces": {
        "down":  { "uv": [ 5.5, 4, 8, 4.5 ], "rotation": 270, "texture": "#texture" },
        "up":    { "uv": [ 5.5, 4, 8, 4.5 ], "rotation": 90, "texture": "#texture" },
        "north": { "uv": [ 5.5, 4, 6, 4.5 ], "texture": "#texture" },
        "south": { "uv": [ 7.5, 4, 8, 4.5 ], "texture": "#texture" },
        "west":  { "uv": [ 5.5, 4, 8, 4.5 ], "texture": "#texture" },
        "east":  { "uv": [ 8, 4, 5.5, 4.5 ], "texture": "#texture" }
    }
},
{
    "from": [ 7.5, 3, 9.5 ],
    "to": [ 8.5, 3.5, 13 ],
    "faces": {
        "down":  { "uv": [ 6, 4.5, 9.5, 5 ], "rotation": 270, "texture": "#texture" },
        "up":    { "uv": [ 6, 4.5, 9.5, 5 ], "rotation": 90, "texture": "#texture" },
        "north": { "uv": [ 6, 4.5, 6.5, 5 ], "texture": "#texture" },
        "south": { "uv": [ 9, 4.5, 9.5, 5 ], "texture": "#texture" },
        "west":  { "uv": [ 6, 4.5, 9.5, 5 ], "texture": "#texture" },
        "east":  { "uv": [ 9.5, 4.5, 6, 5 ], "texture": "#texture" }
    }
},
{
    "from": [ 7.5, 2.5, 9.5 ],
    "to": [ 8.5, 3, 12.5 ],
    "faces": {
        "down":  { "uv": [ 6, 5, 9, 5.5 ], "rotation": 270, "texture": "#texture" },
        "north": { "uv": [ 6, 5, 6.5, 5.5 ], "texture": "#texture" },
        "south": { "uv": [ 8.5, 5, 9, 5.5 ], "texture": "#texture" },
        "west":  { "uv": [ 6, 5, 9, 5.5 ], "texture": "#texture" },
        "east":  { "uv": [ 9, 5, 6, 5.5 ], "texture": "#texture" }
    }
},
{
    "from": [ 7.5, 2, 9.5 ],
    "to": [ 8.5, 2.5, 12 ],
    "faces": {
        "north": { "uv": [ 6, 5.5, 6.5, 6 ], "texture": "#texture" },
        "south": { "uv": [ 8, 5.5, 8.5, 6 ], "texture": "#texture" },
        "west":  { "uv": [ 6, 5.5, 8.5, 6 ], "texture": "#texture" },
        "east":  { "uv": [ 8.5, 5.5, 6, 6 ], "texture": "#texture" }
    }
},
{
    "from": [ 7.5, 1.5, 9 ],
    "to": [ 8.5, 2, 12 ],
    "faces": {
        "down":  { "uv": [ 5.5, 6, 8.5, 6.5 ], "rotation": 270, "texture": "#texture" },
        "up":    { "uv": [ 5.5, 6, 8.5, 6.5 ], "rotation": 90, "texture": "#texture" },
        "north": { "uv": [ 5.5, 6, 6, 6.5 ], "texture": "#texture" },
        "south": { "uv": [ 8, 6, 8.5, 6.5 ], "texture": "#texture" },
        "west":  { "uv": [ 5.5, 6, 8.5, 6.5 ], "texture": "#texture" },
        "east":  { "uv": [ 8.5, 6, 5.5, 6.5 ], "texture": "#texture" }
    }
},
{
    "from": [ 7.75, 4, 5 ],
    "to": [ 8.25, 5, 6 ],
    "faces": {
        "up":    { "uv": [ 1.5, 3, 2.5, 3.5 ], "rotation": 90, "texture": "#texture" },
        "north": { "uv": [ 1.5, 3, 2, 4 ], "texture": "#texture" },
        "south": { "uv": [ 2, 3, 2.5, 4 ], "texture": "#texture" },
        "west":  { "uv": [ 1.5, 3, 2.5, 4 ], "texture": "#texture" },
        "east":  { "uv": [ 2.5, 3, 1.5, 4 ], "texture": "#texture" }
    }
},
{
    "from": [ 7.75, 5, 5.5 ],
    "to": [ 8.25, 5.5, 6.5 ],
    "faces": {
        "down":  { "uv": [ 2, 2.5, 3, 3 ], "rotation": 270, "texture": "#texture" },
        "north": { "uv": [ 2, 2.5, 2.5, 3 ], "texture": "#texture" },
        "south": { "uv": [ 2.5, 2.5, 3, 3 ], "texture": "#texture" },
        "west":  { "uv": [ 2, 2.5, 3, 3 ], "texture": "#texture" },
        "east":  { "uv": [ 3, 2.5, 2, 3 ], "texture": "#texture" }
    }
},
{
    "from": [ 7.75, 5.5, 5.5 ],
    "to": [ 8.25, 6, 7 ],
    "faces": {
        "down":  { "uv": [ 2, 2, 3.5, 2.5 ], "rotation": 270, "texture": "#texture" },
        "up":    { "uv": [ 2, 2, 3.5, 2.5 ], "rotation": 90, "texture": "#texture" },
        "north": { "uv": [ 2, 2, 2.5, 2.5 ], "texture": "#texture" },
        "south": { "uv": [ 3, 2, 3.5, 2.5 ], "texture": "#texture" },
        "west":  { "uv": [ 2, 2, 3.5, 2.5 ], "texture": "#texture" },
        "east":  { "uv": [ 3.5, 2, 2, 2.5 ], "texture": "#texture" }
    }
},
{
    "from": [ 7.75, 7.5, 6 ],
    "to": [ 8.25, 8, 8 ],
    "faces": {
        "down":  { "uv": [ 2.5, 0, 4.5, 0.5 ], "rotation": 270, "texture": "#texture" },
        "up":    { "uv": [ 2.5, 0, 4.5, 0.5 ], "rotation": 90, "texture": "#texture" },
        "north": { "uv": [ 2.5, 0, 3, 0.5 ], "texture": "#texture" },
        "south": { "uv": [ 4, 0, 4.5, 0.5 ], "texture": "#texture" },
        "west":  { "uv": [ 2.5, 0, 4.5, 0.5 ], "texture": "#texture" },
        "east":  { "uv": [ 4.5, 0, 2.5, 0.5 ], "texture": "#texture" }
    }
},
{
    "from": [ 7.75, 8, 6 ],
    "to": [ 8.25, 8.5, 6.5 ],
    "faces": {
        "up":    { "uv": [ 11, 15.5, 11.5, 16 ], "texture": "#texture" },
        "north": { "uv": [ 11, 15.5, 11.5, 16 ], "texture": "#texture" },
        "south": { "uv": [ 11, 15.5, 11.5, 16 ], "texture": "#texture" },
        "west":  { "uv": [ 11, 15.5, 11.5, 16 ], "texture": "#texture" },
        "east":  { "uv": [ 11, 15.5, 11.5, 16 ], "texture": "#texture" }
    }
},
{
    "from": [ 7.75, 8, 7 ],
    "to": [ 8.25, 14, 8 ],
    "faces": {
        "up":    { "uv": [ 12, 10, 13, 10.5 ], "rotation": 90, "texture": "#texture" },
        "north": { "uv": [ 12, 10, 12.5, 16 ], "texture": "#texture" },
        "south": { "uv": [ 12.5, 10, 13, 16 ], "texture": "#texture" },
        "west":  { "uv": [ 12, 10, 13, 16 ], "texture": "#texture" },
        "east":  { "uv": [ 13, 10, 12, 16 ], "texture": "#texture" }
    }
},
{
    "from": [ 7.75, 14, 6.5 ],
    "to": [ 8.25, 17, 7.5 ],
    "faces": {
        "down":  { "uv": [ 11.5, 9.5, 12.5, 10 ], "rotation": 270, "texture": "#texture" },
        "north": { "uv": [ 11.5, 7, 12, 10 ], "texture": "#texture" },
        "south": { "uv": [ 12, 7, 12.5, 10 ], "texture": "#texture" },
        "west":  { "uv": [ 11.5, 7, 12.5, 10 ], "texture": "#texture" },
        "east":  { "uv": [ 12.5, 7, 11.5, 10 ], "texture": "#texture" }
    }
},
{
    "from": [ 7.75, 17, 6 ],
    "to": [ 8.25, 17.5, 7.5 ],
    "faces": {
        "down":  { "uv": [ 11, 6.5, 12.5, 7 ], "rotation": 270, "texture": "#texture" },
        "up":    { "uv": [ 11, 6.5, 12.5, 7 ], "rotation": 90, "texture": "#texture" },
        "north": { "uv": [ 11, 6.5, 11.5, 7 ], "texture": "#texture" },
        "south": { "uv": [ 12, 6.5, 12.5, 7 ], "texture": "#texture" },
        "west":  { "uv": [ 11, 6.5, 12.5, 7 ], "texture": "#texture" },
        "east":  { "uv": [ 12.5, 6.5, 11, 7 ], "texture": "#texture" }
    }
},
{
    "from": [ 7.75, 17.5, 6 ],
    "to": [ 8.25, 19.5, 7 ],
    "faces": {
        "up":    { "uv": [ 11, 4.5, 12, 5 ], "rotation": 90, "texture": "#texture" },
        "north": { "uv": [ 11, 4.5, 11.5, 6.5 ], "texture": "#texture" },
        "south": { "uv": [ 11.5, 4.5, 12, 6.5 ], "texture": "#texture" },
        "west":  { "uv": [ 11, 4.5, 12, 6.5 ], "texture": "#texture" },
        "east":  { "uv": [ 12, 4.5, 11, 6.5 ], "texture": "#texture" }
    }
},
{
    "from": [ 7.75, 19.5, 5.5 ],
    "to": [ 8.25, 23, 6.5 ],
    "faces": {
        "down":  { "uv": [ 10.5, 4, 11.5, 4.5 ], "rotation": 270, "texture": "#texture" },
        "up":    { "uv": [ 10.5, 1, 11.5, 1.5 ], "rotation": 90, "texture": "#texture" },
        "north": { "uv": [ 10.5, 1, 11, 4.5 ], "texture": "#texture" },
        "south": { "uv": [ 11, 1, 11.5, 4.5 ], "texture": "#texture" },
        "west":  { "uv": [ 10.5, 1, 11.5, 4.5 ], "texture": "#texture" },
        "east":  { "uv": [ 11.5, 1, 10.5, 4.5 ], "texture": "#texture" }
    }
},
{
    "from": [ 7.75, 22.5, 5 ],
    "to": [ 8.25, 24, 5.5 ],
    "faces": {
        "down":  { "uv": [ 10, 1, 10.5, 1.5 ], "texture": "#texture" },
        "up":    { "uv": [ 10, 0, 10.5, 0.5 ], "texture": "#texture" },
        "north": { "uv": [ 10, 0, 10.5, 1.5 ], "texture": "#texture" },
        "south": { "uv": [ 10, 0, 10.5, 1.5 ], "texture": "#texture" },
        "west":  { "uv": [ 10, 0, 10.5, 1.5 ], "texture": "#texture" },
        "east":  { "uv": [ 10, 0, 10.5, 1.5 ], "texture": "#texture" }
    }
},
{
    "from": [ 7.75, 23, 5.5 ],
    "to": [ 8.25, 23.5, 6 ],
    "faces": {
        "up":    { "uv": [ 10.5, 0.5, 11, 1 ], "texture": "#texture" },
        "south": { "uv": [ 10.5, 0.5, 11, 1 ], "texture": "#texture" },
        "west":  { "uv": [ 10.5, 0.5, 11, 1 ], "texture": "#texture" },
        "east":  { "uv": [ 10.5, 0.5, 11, 1 ], "texture": "#texture" }
    }
},
{
    "from": [ 7.75, 21, 6.5 ],
    "to": [ 8.25, 22, 7 ],
    "faces": {
        "down":  { "uv": [ 11.5, 2.5, 12, 3 ], "texture": "#texture" },
        "up":    { "uv": [ 11.5, 2, 12, 2.5 ], "texture": "#texture" },
        "south": { "uv": [ 11.5, 2, 12, 3 ], "texture": "#texture" },
        "west":  { "uv": [ 11.5, 2, 12, 3 ], "texture": "#texture" },
        "east":  { "uv": [ 11.5, 2, 12, 3 ], "texture": "#texture" }
    }
},
{
    "from": [ 7.75, 20, 7 ],
    "to": [ 8.25, 21.5, 7.5 ],
    "faces": {
        "down":  { "uv": [ 12, 3.5, 12.5, 4 ], "texture": "#texture" },
        "up":    { "uv": [ 12, 2.5, 12.5, 3 ], "texture": "#texture" },
        "north": { "uv": [ 12, 2.5, 12.5, 4 ], "texture": "#texture" },
        "south": { "uv": [ 12, 2.5, 12.5, 4 ], "texture": "#texture" },
        "west":  { "uv": [ 12, 2.5, 12.5, 4 ], "texture": "#texture" },
        "east":  { "uv": [ 12, 2.5, 12.5, 4 ], "texture": "#texture" }
    }
},
{
    "from": [ 7.75, 19, 7.5 ],
    "to": [ 8.25, 21, 8 ],
    "faces": {
        "down":  { "uv": [ 12.5, 4.5, 13, 5 ], "texture": "#texture" },
        "up":    { "uv": [ 12.5, 3, 13, 3.5 ], "texture": "#texture" },
        "north": { "uv": [ 12.5, 3, 13, 5 ], "texture": "#texture" },
        "south": { "uv": [ 12.5, 3, 13, 5 ], "texture": "#texture" },
        "west":  { "uv": [ 12.5, 3, 13, 5 ], "texture": "#texture" },
        "east":  { "uv": [ 12.5, 3, 13, 5 ], "texture": "#texture" }
    }
},
{
    "from": [ 7.75, 18.5, 8 ],
    "to": [ 8.25, 20.5, 8.5 ],
    "faces": {
        "down":  { "uv": [ 13, 5, 13.5, 5.5 ], "texture": "#texture" },
        "up":    { "uv": [ 13, 3.5, 13.5, 4 ], "texture": "#texture" },
        "north": { "uv": [ 13, 3.5, 13.5, 5.5 ], "texture": "#texture" },
        "south": { "uv": [ 13, 3.5, 13.5, 5.5 ], "texture": "#texture" },
        "west":  { "uv": [ 13, 3.5, 13.5, 5.5 ], "texture": "#texture" },
        "east":  { "uv": [ 13, 3.5, 13.5, 5.5 ], "texture": "#texture" }
    }
},
{
    "from": [ 7.75, 17.5, 8.5 ],
    "to": [ 8.25, 20, 9 ],
    "faces": {
        "down":  { "uv": [ 13.5, 6, 14, 6.5 ], "texture": "#texture" },
        "up":    { "uv": [ 13.5, 4, 14, 4.5 ], "texture": "#texture" },
        "north": { "uv": [ 13.5, 4, 14, 6.5 ], "texture": "#texture" },
        "south": { "uv": [ 13.5, 4, 14, 6.5 ], "texture": "#texture" },
        "west":  { "uv": [ 13.5, 4, 14, 6.5 ], "texture": "#texture" },
        "east":  { "uv": [ 13.5, 4, 14, 6.5 ], "texture": "#texture" }
    }
},
{
    "from": [ 7.75, 16.5, 9 ],
    "to": [ 8.25, 19, 9.5 ],
    "faces": {
        "down":  { "uv": [ 14, 7, 14.5, 7.5 ], "texture": "#texture" },
        "up":    { "uv": [ 14, 5, 14.5, 5.5 ], "texture": "#texture" },
        "north": { "uv": [ 14, 5, 14.5, 7.5 ], "texture": "#texture" },
        "south": { "uv": [ 14, 5, 14.5, 7.5 ], "texture": "#texture" },
        "west":  { "uv": [ 14, 5, 14.5, 7.5 ], "texture": "#texture" },
        "east":  { "uv": [ 14, 5, 14.5, 7.5 ], "texture": "#texture" }
    }
},
{
    "from": [ 7.75, 16, 9.5 ],
    "to": [ 8.25, 18.5, 10 ],
    "faces": {
        "down":  { "uv": [ 14.5, 7.5, 15, 8 ], "texture": "#texture" },
        "up":    { "uv": [ 14.5, 5.5, 15, 6 ], "texture": "#texture" },
        "north": { "uv": [ 14.5, 5.5, 15, 8 ], "texture": "#texture" },
        "south": { "uv": [ 14.5, 5.5, 15, 8 ], "texture": "#texture" },
        "west":  { "uv": [ 14.5, 5.5, 15, 8 ], "texture": "#texture" },
        "east":  { "uv": [ 14.5, 5.5, 15, 8 ], "texture": "#texture" }
    }
},
{
    "from": [ 7.75, 15.5, 10 ],
    "to": [ 8.25, 17, 10.5 ],
    "faces": {
        "down":  { "uv": [ 15, 8, 15.5, 8.5 ], "texture": "#texture" },
        "up":    { "uv": [ 15, 7, 15.5, 7.5 ], "texture": "#texture" },
        "north": { "uv": [ 15, 7, 15.5, 8.5 ], "texture": "#texture" },
        "south": { "uv": [ 15, 7, 15.5, 8.5 ], "texture": "#texture" },
        "west":  { "uv": [ 15, 7, 15.5, 8.5 ], "texture": "#texture" },
        "east":  { "uv": [ 15, 7, 15.5, 8.5 ], "texture": "#texture" }
    }
},
{
    "from": [ 7.75, 13, 10.5 ],
    "to": [ 8.25, 16, 11 ],
    "faces": {
        "down":  { "uv": [ 15.5, 10.5, 16, 11 ], "texture": "#texture" },
        "up":    { "uv": [ 15.5, 8, 16, 8.5 ], "texture": "#texture" },
        "north": { "uv": [ 15.5, 8, 16, 11 ], "texture": "#texture" },
        "south": { "uv": [ 15.5, 8, 16, 11 ], "texture": "#texture" },
        "west":  { "uv": [ 15.5, 8, 16, 11 ], "texture": "#texture" },
        "east":  { "uv": [ 15.5, 8, 16, 11 ], "texture": "#texture" }
    }
},
{
    "from": [ 7.75, 13, 10 ],
    "to": [ 8.25, 14, 10.5 ],
    "faces": {
        "down":  { "uv": [ 15, 10.5, 15.5, 11 ], "texture": "#texture" },
        "up":    { "uv": [ 15, 10, 15.5, 10.5 ], "texture": "#texture" },
        "west":  { "uv": [ 15, 10, 15.5, 11 ], "texture": "#texture" },
        "east":  { "uv": [ 15, 10, 15.5, 11 ], "texture": "#texture" }
    }
},
{
    "from": [ 7.75, 8, 9.5 ],
    "to": [ 8.25, 14, 10 ],
    "faces": {
        "up":    { "uv": [ 14.5, 10, 15, 10.5 ], "texture": "#texture" },
        "north": { "uv": [ 14.5, 10, 15, 16 ], "texture": "#texture" },
        "south": { "uv": [ 14.5, 10, 15, 16 ], "texture": "#texture" },
        "west":  { "uv": [ 14.5, 10, 15, 16 ], "texture": "#texture" },
        "east":  { "uv": [ 14.5, 10, 15, 16 ], "texture": "#texture" }
    }
},
{
    "from": [ 7.75, 6, 9.5 ],
    "to": [ 8.25, 8, 10 ],
    "faces": {
        "down":  { "uv": [ 6, 1.5, 6.5, 2 ], "texture": "#texture" },
        "north": { "uv": [ 6, 0, 6.5, 2 ], "texture": "#texture" },
        "south": { "uv": [ 6, 0, 6.5, 2 ], "texture": "#texture" },
        "west":  { "uv": [ 6, 0, 6.5, 2 ], "texture": "#texture" },
        "east":  { "uv": [ 6, 0, 6.5, 2 ], "texture": "#texture" }
    }
},
{
    "from": [ 7.75, 6, 9 ],
    "to": [ 8.25, 6.5, 9.5 ],
    "faces": {
        "down":  { "uv": [ 5.5, 1.5, 6, 2 ], "texture": "#texture" },
        "up":    { "uv": [ 5.5, 1.5, 6, 2 ], "texture": "#texture" },
        "north": { "uv": [ 5.5, 1.5, 6, 2 ], "texture": "#texture" },
        "west":  { "uv": [ 5.5, 1.5, 6, 2 ], "texture": "#texture" },
        "east":  { "uv": [ 5.5, 1.5, 6, 2 ], "texture": "#texture" }
    }
},
{
    "from": [ 7.75, 5.5, 10 ],
    "to": [ 8.25, 7.5, 10.5 ],
    "faces": {
        "down":  { "uv": [ 6.5, 2, 7, 2.5 ], "texture": "#texture" },
        "up":    { "uv": [ 6.5, 0.5, 7, 1 ], "texture": "#texture" },
        "north": { "uv": [ 6.5, 0.5, 7, 2.5 ], "texture": "#texture" },
        "south": { "uv": [ 6.5, 0.5, 7, 2.5 ], "texture": "#texture" },
        "west":  { "uv": [ 6.5, 0.5, 7, 2.5 ], "texture": "#texture" },
        "east":  { "uv": [ 6.5, 0.5, 7, 2.5 ], "texture": "#texture" }
    }
},
{
    "from": [ 7.75, 4, 10.5 ],
    "to": [ 8.25, 6, 11 ],
    "faces": {
        "up":    { "uv": [ 7, 2, 7.5, 2.5 ], "texture": "#texture" },
        "north": { "uv": [ 7, 2, 7.5, 4 ], "texture": "#texture" },
        "south": { "uv": [ 7, 2, 7.5, 4 ], "texture": "#texture" },
        "west":  { "uv": [ 7, 2, 7.5, 4 ], "texture": "#texture" },
        "east":  { "uv": [ 7, 2, 7.5, 4 ], "texture": "#texture" }
    }
},
{
    "from": [ 8, 1.5, 7 ],
    "to": [ 8.0625, 4, 9.5 ],
    "faces": {
        "west":  { "uv": [ 3.5, 4, 6, 6.5 ], "texture": "#texture" },
        "east":  { "uv": [ 6, 4, 3.5, 6.5 ], "texture": "#texture" }
    }
},
{
    "from": [ 8, 19.5, 6.5 ],
    "to": [ 8.0625, 21, 7.5 ],
    "faces": {
        "west":  { "uv": [ 11.5, 3, 12.5, 4.5 ], "texture": "#texture" },
        "east":  { "uv": [ 12.5, 3, 11.5, 4.5 ], "texture": "#texture" }
    }
},
{
    "from": [ 8, 17.5, 7 ],
    "to": [ 8.0625, 19.5, 8.5 ],
    "faces": {
        "west":  { "uv": [ 12, 4.5, 13.5, 6.5 ], "texture": "#texture" },
        "east":  { "uv": [ 13.5, 4.5, 12, 6.5 ], "texture": "#texture" }
    }
},
{
    "from": [ 8, 16, 7.5 ],
    "to": [ 8.0625, 17.5, 9.5 ],
    "faces": {
        "west":  { "uv": [ 12.5, 6.5, 14.5, 8 ], "texture": "#texture" },
        "east":  { "uv": [ 14.5, 6.5, 12.5, 8 ], "texture": "#texture" }
    }
},
{
    "from": [ 8, 14, 7.5 ],
    "to": [ 8.0625, 16, 10.5 ],
    "faces": {
        "west":  { "uv": [ 12.5, 8, 15.5, 10 ], "texture": "#texture" },
        "east":  { "uv": [ 15.5, 8, 12.5, 10 ], "texture": "#texture" }
    }
},
{
    "from": [ 8, 8, 8 ],
    "to": [ 8.0625, 14, 9.5 ],
    "faces": {
        "west":  { "uv": [ 13, 10, 14.5, 16 ], "texture": "#texture" },
        "east":  { "uv": [ 14.5, 10, 13, 16 ], "texture": "#texture" }
    }
},
{
    "from": [ 7.75, 4, 9.5 ],
    "to": [ 8.25, 5, 10 ],
    "faces": {
        "up":    { "uv": [ 6, 3, 6.5, 3.5 ], "texture": "#texture" },
        "north": { "uv": [ 6, 3, 6.5, 4 ], "texture": "#texture" },
        "south": { "uv": [ 6, 3, 6.5, 4 ], "texture": "#texture" },
        "west":  { "uv": [ 6, 3, 6.5, 4 ], "texture": "#texture" },
        "east":  { "uv": [ 6, 3, 6.5, 4 ], "texture": "#texture" }
    }
},
{
    "from": [ 7.75, 4.5, 7 ],
    "to": [ 8.25, 5, 9.5 ],
    "faces": {
        "up":    { "uv": [ 3.5, 3, 6.5, 3.5 ], "rotation": 90, "texture": "#texture" },
        "north": { "uv": [ 3.5, 3, 4, 3.5 ], "texture": "#texture" },
        "west":  { "uv": [ 3.5, 3, 6, 3.5 ], "texture": "#texture" },
        "east":  { "uv": [ 6, 3, 3.5, 3.5 ], "texture": "#texture" }
    }
},
{
    "from": [ 7.75, 5, 7.5 ],
    "to": [ 8.25, 5.5, 9 ],
    "faces": {
        "up":    { "uv": [ 4, 2.5, 5.5, 3 ], "rotation": 90, "texture": "#texture" },
        "north": { "uv": [ 4, 2.5, 4.5, 3 ], "texture": "#texture" },
        "south": { "uv": [ 5, 2.5, 5.5, 3 ], "texture": "#texture" },
        "west":  { "uv": [ 4, 2.5, 5.5, 3 ], "texture": "#texture" },
        "east":  { "uv": [ 5.5, 2.5, 4, 3 ], "texture": "#texture" }
    }
},
{
    "from": [ 7.75, 5.5, 8 ],
    "to": [ 8.25, 6, 8.5 ],
    "faces": {
        "up":    { "uv": [ 4.5, 2, 5, 2.5 ], "texture": "#texture" },
        "north": { "uv": [ 4.5, 2, 5, 2.5 ], "texture": "#texture" },
        "south": { "uv": [ 4.5, 2, 5, 2.5 ], "texture": "#texture" },
        "west":  { "uv": [ 4.5, 2, 5, 2.5 ], "texture": "#texture" },
        "east":  { "uv": [ 4.5, 2, 5, 2.5 ], "texture": "#texture" }
    }
},
{
    "from": [ 8, 6, 7.5 ],
    "to": [ 8.0625, 8, 9.5 ],
    "faces": {
        "west":  { "uv": [ 4, 0, 6, 2 ], "texture": "#texture" },
        "east":  { "uv": [ 6, 0, 4, 2 ], "texture": "#texture" }
    }
},
{
    "from": [ 8, 4, 6 ],
    "to": [ 8.0625, 6, 10.5 ],
    "faces": {
        "west":  { "uv": [ 2.5, 2, 7, 4 ], "texture": "#texture" },
        "east":  { "uv": [ 7, 2, 2.5, 4 ], "texture": "#texture" }
    }
},
{
    "from": [ 7.75, -1.5, 7.5 ],
    "to": [ 8.25, 0, 9 ],
    "faces": {
        "down":  { "uv": [ 4, 9, 5.5, 9.5 ], "rotation": 270, "texture": "#texture" },
        "north": { "uv": [ 4, 8, 4.5, 9.5 ], "texture": "#texture" },
        "south": { "uv": [ 5, 8, 5.5, 9.5 ], "texture": "#texture" },
        "west":  { "uv": [ 4, 8, 5.5, 9.5 ], "texture": "#texture" },
        "east":  { "uv": [ 5.5, 8, 4, 9.5 ], "texture": "#texture" }
    }
},
{
    "from": [ 7.75, -4, 7.5 ],
    "to": [ 8.25, -1.5, 8.5 ],
    "faces": {
        "north": { "uv": [ 4, 9.5, 4.5, 12 ], "texture": "#texture" },
        "south": { "uv": [ 4.5, 9.5, 5, 12 ], "texture": "#texture" },
        "west":  { "uv": [ 4, 9.5, 5, 12 ], "texture": "#texture" },
        "east":  { "uv": [ 5, 9.5, 4, 12 ], "texture": "#texture" }
    }
},
{
    "from": [ 7.75, -5.5, 7 ],
    "to": [ 8.25, -4, 8.5 ],
    "faces": {
        "down":  { "uv": [ 3.5, 13, 5, 13.5 ], "rotation": 270, "texture": "#texture" },
        "up":    { "uv": [ 3.5, 12, 5, 12.5 ], "rotation": 90, "texture": "#texture" },
        "north": { "uv": [ 3.5, 12, 4, 13.5 ], "texture": "#texture" },
        "south": { "uv": [ 4.5, 12, 5, 13.5 ], "texture": "#texture" },
        "west":  { "uv": [ 3.5, 12, 5, 13.5 ], "texture": "#texture" },
        "east":  { "uv": [ 5, 12, 3.5, 13.5 ], "texture": "#texture" }
    }
},
{
    "from": [ 7.75, -6, 6.5 ],
    "to": [ 8.25, -5.5, 8 ],
    "faces": {
        "up":    { "uv": [ 3, 13.5, 4.5, 14 ], "rotation": 90, "texture": "#texture" },
        "north": { "uv": [ 3, 13.5, 3.5, 14 ], "texture": "#texture" },
        "south": { "uv": [ 4, 13.5, 4.5, 14 ], "texture": "#texture" },
        "west":  { "uv": [ 3, 13.5, 4.5, 14 ], "texture": "#texture" },
        "east":  { "uv": [ 4.5, 13.5, 3, 14 ], "texture": "#texture" }
    }
},
{
    "from": [ 7.75, -6.5, 6 ],
    "to": [ 8.25, -6, 8.5 ],
    "faces": {
        "down":  { "uv": [ 2.5, 14, 5, 14.5 ], "rotation": 270, "texture": "#texture" },
        "up":    { "uv": [ 2.5, 14, 5, 14.5 ], "rotation": 90, "texture": "#texture" },
        "north": { "uv": [ 2.5, 14, 3, 14.5 ], "texture": "#texture" },
        "south": { "uv": [ 4.5, 14, 5, 14.5 ], "texture": "#texture" },
        "west":  { "uv": [ 2.5, 14, 5, 14.5 ], "texture": "#texture" },
        "east":  { "uv": [ 5, 14, 2.5, 14.5 ], "texture": "#texture" }
    }
},
{
    "from": [ 7.75, -7.5, 5.5 ],
    "to": [ 8.25, -6.5, 8 ],
    "faces": {
        "down":  { "uv": [ 2, 15, 4.5, 15.5 ], "rotation": 270, "texture": "#texture" },
        "up":    { "uv": [ 2, 14.5, 4.5, 15 ], "rotation": 90, "texture": "#texture" },
        "north": { "uv": [ 2, 14.5, 2.5, 15.5 ], "texture": "#texture" },
        "south": { "uv": [ 4, 14.5, 4.5, 15.5 ], "texture": "#texture" },
        "west":  { "uv": [ 2, 14.5, 4.5, 15.5 ], "texture": "#texture" },
        "east":  { "uv": [ 4.5, 14.5, 2, 15.5 ], "texture": "#texture" }
    }
},
{
    "from": [ 7.75, -8, 6 ],
    "to": [ 8.25, -7.5, 7.5 ],
    "faces": {
        "down":  { "uv": [ 2.5, 15.5, 4, 16 ], "rotation": 270, "texture": "#texture" },
        "north": { "uv": [ 2.5, 15.5, 3, 16 ], "texture": "#texture" },
        "south": { "uv": [ 3.5, 15.5, 4, 16 ], "texture": "#texture" },
        "west":  { "uv": [ 2.5, 15.5, 4, 16 ], "texture": "#texture" },
        "east":  { "uv": [ 4, 15.5, 2.5, 16 ], "texture": "#texture" }
    }
},
{
    "from": [ 7.5, -7.5, 6 ],
    "to": [ 8.5, -6.5, 7.5 ],
    "faces": {
        "down":  { "uv": [ 2.5, 15, 4, 15.5 ], "rotation": 270, "texture": "#texture" },
        "up":    { "uv": [ 2.5, 14.5, 4, 15 ], "rotation": 90, "texture": "#texture" },
        "north": { "uv": [ 2.5, 14.5, 3, 15.5 ], "texture": "#texture" },
        "south": { "uv": [ 3.5, 14.5, 4, 15.5 ], "texture": "#texture" },
        "west":  { "uv": [ 2.5, 14.5, 4, 15.5 ], "texture": "#texture" },
        "east":  { "uv": [ 4, 14.5, 2.5, 15.5 ], "texture": "#texture" }
    }
},
{
    "from": [ 7.5, -6.5, 6.5 ],
    "to": [ 8.5, -6, 8 ],
    "faces": {
        "down":  { "uv": [ 3, 14, 4.5, 14.5 ], "rotation": 270, "texture": "#texture" },
        "up":    { "uv": [ 3, 14, 4.5, 14.5 ], "rotation": 90, "texture": "#texture" },
        "north": { "uv": [ 3, 14, 3.5, 14.5 ], "texture": "#texture" },
        "south": { "uv": [ 4, 14, 4.5, 14.5 ], "texture": "#texture" },
        "west":  { "uv": [ 3, 14, 4.5, 14.5 ], "texture": "#texture" },
        "east":  { "uv": [ 4.5, 14, 3, 14.5 ], "texture": "#texture" }
    }
},
{
    "from": [ 7.25, 2.5, 4 ],
    "to": [ 8.75, 4, 5 ],
    "faces": {
        "down":  { "uv": [ 0.5, 5, 1.5, 5.5 ], "rotation": 270, "texture": "#texture" },
        "up":    { "uv": [ 0.5, 4, 1.5, 4.5 ], "rotation": 90, "texture": "#texture" },
        "north": { "uv": [ 0.5, 4, 1, 5.5 ], "texture": "#texture" },
        "south": { "uv": [ 1, 4, 1.5, 5.5 ], "texture": "#texture" },
        "west":  { "uv": [ 0.5, 4, 1.5, 5.5 ], "texture": "#texture" },
        "east":  { "uv": [ 1.5, 4, 0.5, 5.5 ], "texture": "#texture" }
    }
},
{
    "from": [ 7.25, 1, 4.5 ],
    "to": [ 8.75, 2.5, 5 ],
    "faces": {
        "down":  { "uv": [ 1, 6.5, 1.5, 7 ], "texture": "#texture" },
        "north": { "uv": [ 1, 5.5, 1.5, 7 ], "texture": "#texture" },
        "south": { "uv": [ 1, 5.5, 1.5, 7 ], "texture": "#texture" },
        "west":  { "uv": [ 1, 5.5, 1.5, 7 ], "texture": "#texture" },
        "east":  { "uv": [ 1, 5.5, 1.5, 7 ], "texture": "#texture" }
    }
},
{
	"_cornm3nt": "t0maxed_",
    "from": [ 7.25, 2, 5.5 ],
    "to": [ 8.75, 4, 6.5 ],
    "faces": {
        "down":  { "uv": [ 2, 5.5, 3, 6 ], "rotation": 270, "texture": "#texture" },
        "up":    { "uv": [ 2, 4, 3, 4.5 ], "rotation": 90, "texture": "#texture" },
        "north": { "uv": [ 2, 4, 2.5, 6 ], "texture": "#texture" },
        "south": { "uv": [ 2.5, 4, 3, 6 ], "texture": "#texture" },
        "west":  { "uv": [ 2, 4, 3, 6 ], "texture": "#texture" },
        "east":  { "uv": [ 3, 4, 2, 6 ], "texture": "#texture" }
    }
},
{
    "from": [ 7.25, 3.5, 6.5 ],
    "to": [ 8.75, 4, 7 ],
    "faces": {
        "down":  { "uv": [ 3, 4, 3.5, 4.5 ], "texture": "#texture" },
        "up":    { "uv": [ 3, 4, 3.5, 4.5 ], "texture": "#texture" },
        "south": { "uv": [ 3, 4, 3.5, 4.5 ], "texture": "#texture" },
        "west":  { "uv": [ 3, 4, 3.5, 4.5 ], "texture": "#texture" },
        "east":  { "uv": [ 3, 4, 3.5, 4.5 ], "texture": "#texture" }
    }
},
{
    "from": [ 7.25, 1.5, 6.5 ],
    "to": [ 8.75, 2, 7 ],
    "faces": {
        "down":  { "uv": [ 3, 6, 3.5, 6.5 ], "texture": "#texture" },
        "up":    { "uv": [ 3, 6, 3.5, 6.5 ], "texture": "#texture" },
        "north": { "uv": [ 3, 6, 3.5, 6.5 ], "texture": "#texture" },
        "south": { "uv": [ 3, 6, 3.5, 6.5 ], "texture": "#texture" },
        "west":  { "uv": [ 3, 6, 3.5, 6.5 ], "texture": "#texture" },
        "east":  { "uv": [ 3, 6, 3.5, 6.5 ], "texture": "#texture" }
    }
},
{
    "from": [ 7.25, 1, 7 ],
    "to": [ 8.75, 1.5, 7.5 ],
    "faces": {
        "down":  { "uv": [ 3.5, 6.5, 4, 7 ], "texture": "#texture" },
        "up":    { "uv": [ 3.5, 6.5, 4, 7 ], "texture": "#texture" },
        "north": { "uv": [ 3.5, 6.5, 4, 7 ], "texture": "#texture" },
        "south": { "uv": [ 3.5, 6.5, 4, 7 ], "texture": "#texture" },
        "west":  { "uv": [ 3.5, 6.5, 4, 7 ], "texture": "#texture" },
        "east":  { "uv": [ 3.5, 6.5, 4, 7 ], "texture": "#texture" }
    }
},
{
    "from": [ 7.25, 0.5, 7.5 ],
    "to": [ 8.75, 1, 9.5 ],
    "faces": {
        "down":  { "uv": [ 4, 7, 6, 7.5 ], "rotation": 270, "texture": "#texture" },
        "up":    { "uv": [ 4, 7, 6, 7.5 ], "rotation": 90, "texture": "#texture" },
        "north": { "uv": [ 4, 7, 4.5, 7.5 ], "texture": "#texture" },
        "south": { "uv": [ 5.5, 7, 6, 7.5 ], "texture": "#texture" },
        "west":  { "uv": [ 4, 7, 6, 7.5 ], "texture": "#texture" },
        "east":  { "uv": [ 6, 7, 4, 7.5 ], "texture": "#texture" }
    }
},
{
    "from": [ 7.25, 1, 9 ],
    "to": [ 8.75, 1.5, 10.5 ],
    "faces": {
        "down":  { "uv": [ 5.5, 6.5, 7, 7 ], "rotation": 270, "texture": "#texture" },
        "up":    { "uv": [ 5.5, 6.5, 7, 7 ], "rotation": 90, "texture": "#texture" },
        "north": { "uv": [ 5.5, 6.5, 6, 7 ], "texture": "#texture" },
        "south": { "uv": [ 6.5, 6.5, 7, 7 ], "texture": "#texture" },
        "west":  { "uv": [ 5.5, 6.5, 7, 7 ], "texture": "#texture" },
        "east":  { "uv": [ 7, 6.5, 5.5, 7 ], "texture": "#texture" }
    }
},
{
    "from": [ 7.25, 1.5, 9.5 ],
    "to": [ 8.75, 2, 11.5 ],
    "faces": {
        "down":  { "uv": [ 6, 6, 8, 6.5 ], "rotation": 270, "texture": "#texture" },
        "up":    { "uv": [ 6, 6, 8, 6.5 ], "rotation": 90, "texture": "#texture" },
        "north": { "uv": [ 6, 6, 6.5, 6.5 ], "texture": "#texture" },
        "south": { "uv": [ 7.5, 6, 8, 6.5 ], "texture": "#texture" },
        "west":  { "uv": [ 6, 6, 8, 6.5 ], "texture": "#texture" },
        "east":  { "uv": [ 8, 6, 6, 6.5 ], "texture": "#texture" }
    }
},
{
    "from": [ 7.25, 2, 10 ],
    "to": [ 8.75, 3.5, 11.5 ],
    "faces": {
        "up":    { "uv": [ 6.5, 4.5, 8, 5 ], "rotation": 90, "texture": "#texture" },
        "north": { "uv": [ 6.5, 4.5, 7, 6 ], "texture": "#texture" },
        "south": { "uv": [ 7.5, 4.5, 8, 6 ], "texture": "#texture" },
        "west":  { "uv": [ 6.5, 4.5, 8, 6 ], "texture": "#texture" },
        "east":  { "uv": [ 8, 4.5, 6.5, 6 ], "texture": "#texture" }
    }
},
{
    "from": [ 7.25, 2.5, 11.5 ],
    "to": [ 8.75, 3, 12 ],
    "faces": {
        "down":  { "uv": [ 8, 5, 8.5, 5.5 ], "texture": "#texture" },
        "up":    { "uv": [ 8, 5, 8.5, 5.5 ], "texture": "#texture" },
        "south": { "uv": [ 8, 5, 8.5, 5.5 ], "texture": "#texture" },
        "west":  { "uv": [ 8, 5, 8.5, 5.5 ], "texture": "#texture" },
        "east":  { "uv": [ 8, 5, 8.5, 5.5 ], "texture": "#texture" }
    }
},
{
    "from": [ 7.25, 3, 12 ],
    "to": [ 8.75, 3.5, 12.5 ],
    "faces": {
        "down":  { "uv": [ 8.5, 4.5, 9, 5 ], "texture": "#texture" },
        "up":    { "uv": [ 8.5, 4.5, 9, 5 ], "texture": "#texture" },
        "north": { "uv": [ 8.5, 4.5, 9, 5 ], "texture": "#texture" },
        "south": { "uv": [ 8.5, 4.5, 9, 5 ], "texture": "#texture" },
        "west":  { "uv": [ 8.5, 4.5, 9, 5 ], "texture": "#texture" },
        "east":  { "uv": [ 8.5, 4.5, 9, 5 ], "texture": "#texture" }
    }
},
{
    "from": [ 7.5, 3.5, 12 ],
    "to": [ 8.5, 4, 13 ],
    "faces": {
        "up":    { "uv": [ 8.5, 4, 9.5, 4.5 ], "rotation": 90, "texture": "#texture" },
        "north": { "uv": [ 8.5, 4, 9, 4.5 ], "texture": "#texture" },
        "south": { "uv": [ 9, 4, 9.5, 4.5 ], "texture": "#texture" },
        "west":  { "uv": [ 8.5, 4, 9.5, 4.5 ], "texture": "#texture" },
        "east":  { "uv": [ 9.5, 4, 8.5, 4.5 ], "texture": "#texture" }
    }
},
{
    "from": [ 7.5, 4, 12.5 ],
    "to": [ 8.5, 4.5, 13 ],
    "faces": {
        "up":    { "uv": [ 9, 3.5, 9.5, 4 ], "texture": "#texture" },
        "north": { "uv": [ 9, 3.5, 9.5, 4 ], "texture": "#texture" },
        "south": { "uv": [ 9, 3.5, 9.5, 4 ], "texture": "#texture" },
        "west":  { "uv": [ 9, 3.5, 9.5, 4 ], "texture": "#texture" },
        "east":  { "uv": [ 9, 3.5, 9.5, 4 ], "texture": "#texture" }
    }
}
],
"display": {
    "thirdperson_righthand": {
        "rotation": [ 0, 180, 0 ],
        "translation": [ 0, 8.88, 2.08 ],
        "scale": [ 1, 1, 1 ]
    },
    "ground": {
        "rotation": [ 45, 0, 0 ],
        "translation": [ 0, 4.35, 0 ],
        "scale": [ 0.35, 0.35, 0.35 ]
    },
    "fixed": {
        "rotation": [ 90, -45, 90 ],
        "translation": [ -1, -1, -0.1 ],
        "scale": [ 0.8, 0.8, 0.8 ]
    },
    "firstperson_righthand": {
        "rotation": [ 11, -177, 3 ],
        "translation": [ 5.09, 0.38, -4.34 ],
        "scale": [ 1, 1, 1 ]
    },
    "gui": {
        "rotation": [ 90, 45, -90 ],
        "translation": [ 1.13, -0.76, 0 ],
        "scale": [ 0.65, 0.65, 0.65 ]
    }
}
}