{
"__comment": "Designed by tomaxed with Cubik",
"textures": {
    "particle": "weaponstools/iron_hoe",
    "texture": "weaponstools/iron_hoe"
},
"elements": [ 
{
    "from": [ 7.25, 2, 7.5 ],
    "to": [ 8.75, 5, 8.5 ],
    "faces": {
        "down":  { "uv": [ 14.5, 7.5, 16, 8.5 ], "texture": "#texture" },
        "up":    { "uv": [ 14.5, 7.5, 16, 8.5 ], "texture": "#texture" },
        "north": { "uv": [ 14.5, 9.5, 16, 12.5 ], "texture": "#texture" },
        "south": { "uv": [ 14.5, 9.5, 16, 12.5 ], "texture": "#texture" },
        "west":  { "uv": [ 15, 9, 16, 12 ], "texture": "#texture" },
        "east":  { "uv": [ 15, 9, 16, 12 ], "texture": "#texture" }
    }
},
{
    "from": [ 7.5, -12.5, 7.5 ],
    "to": [ 8.5, 2, 8.5 ],
    "faces": {
        "down":  { "uv": [ 7.5, 7.5, 8.5, 8.5 ], "texture": "#texture", "cullface": "down" },
        "north": { "uv": [ 15, 1, 16, 16 ], "texture": "#texture", "cullface": "down" },
        "south": { "uv": [ 15, 1, 16, 16 ], "texture": "#texture", "cullface": "down" },
        "west":  { "uv": [ 15, 1, 16, 16 ], "texture": "#texture", "cullface": "down" },
        "east":  { "uv": [ 15, 1, 16, 16 ], "texture": "#texture", "cullface": "down" }
    }
},
{
    "from": [ 7.25, -1, 7.75 ],
    "to": [ 8.75, 2, 8.25 ],
    "faces": {
        "down":  { "uv": [ 14.5, 8, 16, 8.5 ], "texture": "#texture", "cullface": "down" },
        "north": { "uv": [ 14.5, 13, 16, 16 ], "texture": "#texture", "cullface": "down" },
        "south": { "uv": [ 14.5, 13, 16, 16 ], "texture": "#texture", "cullface": "down" },
        "west":  { "uv": [ 15.5, 13, 16, 16 ], "texture": "#texture", "cullface": "down" },
        "east":  { "uv": [ 15.5, 13, 16, 16 ], "texture": "#texture", "cullface": "down" }
    }
},
{
    "from": [ 7.25, 6.5, 7.5 ],
    "to": [ 8.75, 8, 8.5 ],
    "faces": {
        "down":  { "uv": [ 16, 8.5, 14.5, 7.5 ], "texture": "#texture" },
        "up":    { "uv": [ 14.5, 7.5, 16, 8.5 ], "texture": "#texture" },
        "north": { "uv": [ 14.5, 8, 16, 9.5 ], "texture": "#texture" },
        "south": { "uv": [ 14.5, 8, 16, 9.5 ], "texture": "#texture" },
        "west":  { "uv": [ 15, 8, 16, 9.5 ], "texture": "#texture" },
        "east":  { "uv": [ 15, 8, 16, 9.5 ], "texture": "#texture" }
    }
},
{
    "from": [ 7.5, 5, 7.5 ],
    "to": [ 8.5, 6.5, 8.5 ],
    "faces": {
        "north": { "uv": [ 7.5, 9.5, 8.5, 11 ], "texture": "#texture" },
        "south": { "uv": [ 7.5, 9.5, 8.5, 11 ], "texture": "#texture" },
        "west":  { "uv": [ 7.5, 9.5, 8.5, 11 ], "texture": "#texture" },
        "east":  { "uv": [ 7.5, 9.5, 8.5, 11 ], "texture": "#texture" }
    }
},
{
    "from": [ 7.25, 5.5, 7 ],
    "to": [ 8.75, 7, 7.5 ],
    "faces": {
        "down":  { "uv": [ 14, 6, 15.5, 6.5 ], "texture": "#texture" },
        "up":    { "uv": [ 14, 6, 15.5, 6.5 ], "texture": "#texture" },
        "north": { "uv": [ 14, 7, 15.5, 8.5 ], "texture": "#texture" },
        "south": { "uv": [ 14, 7, 15.5, 8.5 ], "texture": "#texture" },
        "west":  { "uv": [ 14.5, 8.5, 15, 10 ], "texture": "#texture" },
        "east":  { "uv": [ 14.5, 8.5, 15, 10 ], "texture": "#texture" }
    }
},
{
    "from": [ 7.5, 5, 6.5 ],
    "to": [ 8.5, 5.5, 7 ],
    "faces": {
        "down":  { "uv": [ 15, 5.5, 16, 6 ], "texture": "#texture" },
        "up":    { "uv": [ 15, 5.5, 16, 6 ], "texture": "#texture" },
        "north": { "uv": [ 14.5, 6.5, 15.5, 7 ], "texture": "#texture" },
        "south": { "uv": [ 14.5, 6.5, 15.5, 7 ], "texture": "#texture" },
        "west":  { "uv": [ 14.5, 4.5, 15, 5 ], "texture": "#texture" },
        "east":  { "uv": [ 14.5, 4.5, 15, 5 ], "texture": "#texture" }
    }
},
{
    "from": [ 7.5, 5.5, 6 ],
    "to": [ 8.5, 6, 6.5 ],
    "faces": {
        "down":  { "uv": [ 14, 6.5, 15, 7 ], "texture": "#texture" },
        "up":    { "uv": [ 14, 6.5, 15, 7 ], "texture": "#texture" },
        "north": { "uv": [ 14, 8, 15, 8.5 ], "texture": "#texture" },
        "south": { "uv": [ 14, 8, 15, 8.5 ], "texture": "#texture" },
        "west":  { "uv": [ 14, 8, 14.5, 8.5 ], "texture": "#texture" },
        "east":  { "uv": [ 14, 8, 14.5, 8.5 ], "texture": "#texture" }
    }
},
{
    "from": [ 7.25, 6, 8.5 ],
    "to": [ 8.75, 7, 9 ],
    "faces": {
        "down":  { "uv": [ 14.5, 8, 16, 8.5 ], "texture": "#texture" },
        "up":    { "uv": [ 14.5, 8, 16, 8.5 ], "texture": "#texture" },
        "north": { "uv": [ 14.5, 8.5, 16, 9.5 ], "texture": "#texture" },
        "south": { "uv": [ 14.5, 8.5, 16, 9.5 ], "texture": "#texture" },
        "west":  { "uv": [ 14.5, 8, 15, 9 ], "texture": "#texture" },
        "east":  { "uv": [ 14, 9.5, 14.5, 10.5 ], "texture": "#texture" }
    }
},
{
    "from": [ 7.5, 5, 9 ],
    "to": [ 8.5, 6, 9.5 ],
    "faces": {
        "down":  { "uv": [ 14.5, 9.5, 15.5, 10 ], "texture": "#texture" },
        "up":    { "uv": [ 14.5, 9.5, 15.5, 10 ], "texture": "#texture" },
        "north": { "uv": [ 14, 10, 15, 11 ], "texture": "#texture" },
        "south": { "uv": [ 14, 10, 15, 11 ], "texture": "#texture" },
        "west":  { "uv": [ 14, 10, 14.5, 11 ], "texture": "#texture" },
        "east":  { "uv": [ 14, 10, 14.5, 11 ], "texture": "#texture" }
    }
},
{
    "from": [ 7.5, 4.5, 9.5 ],
    "to": [ 8.5, 5, 10 ],
    "faces": {
        "down":  { "uv": [ 14, 7, 15, 7.5 ], "texture": "#texture" },
        "up":    { "uv": [ 14, 7, 15, 7.5 ], "texture": "#texture" },
        "north": { "uv": [ 15, 10.5, 16, 11 ], "texture": "#texture" },
        "south": { "uv": [ 15, 10.5, 16, 11 ], "texture": "#texture" },
        "west":  { "uv": [ 14, 10.5, 14.5, 11 ], "texture": "#texture" },
        "east":  { "uv": [ 14, 10.5, 14.5, 11 ], "texture": "#texture" }
    }
},
{
    "from": [ 7.75, 8, 7 ],
    "to": [ 8.25, 8.5, 9 ],
    "faces": {
        "down":  { "uv": [ 8.25, 9, 7.75, 7 ], "texture": "#texture" },
        "north": { "uv": [ 7.75, 7.5, 8.25, 8 ], "texture": "#texture" },
        "south": { "uv": [ 7.75, 7.5, 8.25, 8 ], "texture": "#texture" },
        "west":  { "uv": [ 7, 7.5, 9, 8 ], "texture": "#texture" },
        "east":  { "uv": [ 7, 7.5, 9, 8 ], "texture": "#texture" }
    }
},
{
    "from": [ 7.75, 8.5, 6.5 ],
    "to": [ 8.25, 9, 9.5 ],
    "faces": {
        "down":  { "uv": [ 8.25, 9.5, 7.75, 6.5 ], "texture": "#texture" },
        "up":    { "uv": [ 7.75, 6.5, 8.25, 9.5 ], "texture": "#texture" },
        "north": { "uv": [ 7.75, 7, 8.25, 7.5 ], "texture": "#texture" },
        "south": { "uv": [ 7.75, 7, 8.25, 7.5 ], "texture": "#texture" },
        "west":  { "uv": [ 6.5, 7, 9.5, 7.5 ], "texture": "#texture" },
        "east":  { "uv": [ 6.5, 7, 9.5, 7.5 ], "texture": "#texture" }
    }
},
{
    "from": [ 7.75, 9, 6 ],
    "to": [ 8.25, 9.5, 7 ],
    "faces": {
        "down":  { "uv": [ 8.25, 7, 7.75, 6 ], "texture": "#texture" },
        "north": { "uv": [ 7.75, 6.5, 8.25, 7 ], "texture": "#texture" },
        "south": { "uv": [ 7.75, 6.5, 8.25, 7 ], "texture": "#texture" },
        "west":  { "uv": [ 6, 6.5, 7, 7 ], "texture": "#texture" },
        "east":  { "uv": [ 9, 6.5, 10, 7 ], "texture": "#texture" }
    }
},
{
    "from": [ 7.75, 9, 9 ],
    "to": [ 8.25, 9.5, 10 ],
    "faces": {
        "down":  { "uv": [ 8.25, 10, 7.75, 9 ], "texture": "#texture" },
        "north": { "uv": [ 7.75, 6.5, 8.25, 7 ], "texture": "#texture" },
        "south": { "uv": [ 7.75, 6.5, 8.25, 7 ], "texture": "#texture" },
        "west":  { "uv": [ 9, 6.5, 10, 7 ], "texture": "#texture" },
        "east":  { "uv": [ 6, 6.5, 7, 7 ], "texture": "#texture" }
    }
},
{
    "from": [ 7.75, 9.5, 9.5 ],
    "to": [ 8.25, 10, 10.5 ],
    "faces": {
        "down":  { "uv": [ 8.25, 10.5, 7.75, 9.5 ], "texture": "#texture" },
        "north": { "uv": [ 7.75, 6, 8.25, 6.5 ], "texture": "#texture" },
        "south": { "uv": [ 7.75, 6, 8.25, 6.5 ], "texture": "#texture" },
        "west":  { "uv": [ 9.5, 6, 10.5, 6.5 ], "texture": "#texture" },
        "east":  { "uv": [ 5.5, 6, 6.5, 6.5 ], "texture": "#texture" }
    }
},
{
    "from": [ 7.75, 9.5, 5.5 ],
    "to": [ 8.25, 10, 6.5 ],
    "faces": {
        "down":  { "uv": [ 8.25, 6.5, 7.75, 5.5 ], "texture": "#texture" },
        "north": { "uv": [ 7.75, 6, 8.25, 6.5 ], "texture": "#texture" },
        "south": { "uv": [ 7.75, 6, 8.25, 6.5 ], "texture": "#texture" },
        "west":  { "uv": [ 5.5, 6, 6.5, 6.5 ], "texture": "#texture" },
        "east":  { "uv": [ 9.5, 6, 10.5, 6.5 ], "texture": "#texture" }
    }
},
{
    "from": [ 7.75, 10, 5 ],
    "to": [ 8.25, 10.5, 6.5 ],
    "faces": {
        "down":  { "uv": [ 8.25, 6.5, 7.75, 5 ], "texture": "#texture" },
        "up":    { "uv": [ 7.75, 5, 8.25, 6.5 ], "texture": "#texture" },
        "north": { "uv": [ 7.75, 5.5, 8.25, 6 ], "texture": "#texture" },
        "south": { "uv": [ 7.75, 5.5, 8.25, 6 ], "texture": "#texture" },
        "west":  { "uv": [ 5, 5.5, 6.5, 6 ], "texture": "#texture" },
        "east":  { "uv": [ 9.5, 5.5, 11, 6 ], "texture": "#texture" }
    }
},
{
    "from": [ 7.75, 10, 9.5 ],
    "to": [ 8.25, 10.5, 11 ],
    "faces": {
        "down":  { "uv": [ 8.25, 11, 7.75, 9.5 ], "texture": "#texture" },
        "up":    { "uv": [ 7.75, 9.5, 8.25, 11 ], "texture": "#texture" },
        "north": { "uv": [ 7.75, 5.5, 8.25, 6 ], "texture": "#texture" },
        "south": { "uv": [ 7.75, 5.5, 8.25, 6 ], "texture": "#texture" },
        "west":  { "uv": [ 9.5, 5.5, 11, 6 ], "texture": "#texture" },
        "east":  { "uv": [ 5, 5.5, 6.5, 6 ], "texture": "#texture" }
    }
},
{
    "from": [ 7.75, 10.5, 9 ],
    "to": [ 8.25, 11, 10.5 ],
    "faces": {
        "north": { "uv": [ 7.75, 5, 8.25, 5.5 ], "texture": "#texture" },
        "south": { "uv": [ 7.75, 5, 8.25, 5.5 ], "texture": "#texture" },
        "west":  { "uv": [ 9, 5, 10.5, 5.5 ], "texture": "#texture" },
        "east":  { "uv": [ 5.5, 5, 7, 5.5 ], "texture": "#texture" }
    }
},
{
    "from": [ 7.75, 10.5, 5.5 ],
    "to": [ 8.25, 11, 7 ],
    "faces": {
        "north": { "uv": [ 7.75, 5, 8.25, 5.5 ], "texture": "#texture" },
        "south": { "uv": [ 7.75, 5, 8.25, 5.5 ], "texture": "#texture" },
        "west":  { "uv": [ 5.5, 5, 7, 5.5 ], "texture": "#texture" },
        "east":  { "uv": [ 9, 5, 10.5, 5.5 ], "texture": "#texture" }
    }
},
{
    "from": [ 7.75, 11, 5 ],
    "to": [ 8.25, 11.5, 7 ],
    "faces": {
        "down":  { "uv": [ 8.25, 7, 7.75, 5 ], "texture": "#texture" },
        "north": { "uv": [ 7.75, 4.5, 8.25, 5 ], "texture": "#texture" },
        "south": { "uv": [ 7.75, 4.5, 8.25, 5 ], "texture": "#texture" },
        "west":  { "uv": [ 5, 4.5, 7, 5 ], "texture": "#texture" },
        "east":  { "uv": [ 9, 4.5, 11, 5 ], "texture": "#texture" }
    }
},
{
    "from": [ 7.75, 11.5, 5 ],
    "to": [ 8.25, 12, 7.625 ],
    "faces": {
        "down":  { "uv": [ 8.25, 7.625, 7.75, 5 ], "texture": "#texture" },
        "north": { "uv": [ 7.75, 4, 8.25, 4.5 ], "texture": "#texture" },
        "south": { "uv": [ 7.75, 4, 8.25, 4.5 ], "texture": "#texture" },
        "west":  { "uv": [ 5, 4, 7.625, 4.5 ], "texture": "#texture" },
        "east":  { "uv": [ 8.375, 4, 11, 4.5 ], "texture": "#texture" }
    }
},
{
    "from": [ 7.75, 11, 9 ],
    "to": [ 8.25, 11.5, 11 ],
    "faces": {
        "down":  { "uv": [ 8.25, 11, 7.75, 9 ], "texture": "#texture" },
        "north": { "uv": [ 7.75, 4.5, 8.25, 5 ], "texture": "#texture" },
        "south": { "uv": [ 7.75, 4.5, 8.25, 5 ], "texture": "#texture" },
        "west":  { "uv": [ 9, 4.5, 11, 5 ], "texture": "#texture" },
        "east":  { "uv": [ 5, 4.5, 7, 5 ], "texture": "#texture" }
    }
},
{
    "from": [ 7.75, 11.5, 8.25 ],
    "to": [ 8.25, 12, 11 ],
    "faces": {
        "down":  { "uv": [ 8.25, 11, 7.75, 8.25 ], "texture": "#texture" },
        "north": { "uv": [ 7.75, 4, 8.25, 4.5 ], "texture": "#texture" },
        "south": { "uv": [ 7.75, 4, 8.25, 4.5 ], "texture": "#texture" },
        "west":  { "uv": [ 8.25, 4, 11, 4.5 ], "texture": "#texture" },
        "east":  { "uv": [ 5, 4, 7.75, 4.5 ], "texture": "#texture" }
    }
},
{
    "from": [ 7.75, 12, 4.5 ],
    "to": [ 8.25, 12.5, 11.5 ],
    "faces": {
        "down":  { "uv": [ 8.25, 11.5, 7.75, 4.5 ], "texture": "#texture" },
        "up":    { "uv": [ 7.75, 4.5, 8.25, 11.5 ], "texture": "#texture" },
        "north": { "uv": [ 7.75, 3.5, 8.25, 4 ], "texture": "#texture" },
        "south": { "uv": [ 7.75, 3.5, 8.25, 4 ], "texture": "#texture" },
        "west":  { "uv": [ 4.5, 3.5, 11.5, 4 ], "texture": "#texture" },
        "east":  { "uv": [ 4.5, 3.5, 11.5, 4 ], "texture": "#texture" }
    }
},
{
    "from": [ 7.75, 12.5, 4 ],
    "to": [ 8.25, 13, 6.5 ],
    "faces": {
        "down":  { "uv": [ 8.25, 6.5, 7.75, 4 ], "texture": "#texture" },
        "up":    { "uv": [ 7.75, 4, 8.25, 6.5 ], "texture": "#texture" },
        "north": { "uv": [ 7.75, 3, 8.25, 3.5 ], "texture": "#texture" },
        "south": { "uv": [ 7.75, 3, 8.25, 3.5 ], "texture": "#texture" },
        "west":  { "uv": [ 4, 3, 6.5, 3.5 ], "texture": "#texture" },
        "east":  { "uv": [ 9.5, 3, 12, 3.5 ], "texture": "#texture" }
    }
},
{
    "from": [ 7.75, 13, 3.5 ],
    "to": [ 8.25, 13.5, 5.5 ],
    "faces": {
        "down":  { "uv": [ 8.25, 5.5, 7.75, 3.5 ], "texture": "#texture" },
        "up":    { "uv": [ 7.75, 3.5, 8.25, 5.5 ], "texture": "#texture" },
        "north": { "uv": [ 7.75, 2.5, 8.25, 3 ], "texture": "#texture" },
        "south": { "uv": [ 7.75, 2.5, 8.25, 3 ], "texture": "#texture" },
        "west":  { "uv": [ 4, 2.5, 6, 3 ], "texture": "#texture" },
        "east":  { "uv": [ 10, 2.5, 12, 3 ], "texture": "#texture" }
    }
},
{
    "from": [ 7.75, 12.5, 9.5 ],
    "to": [ 8.25, 13, 12 ],
    "faces": {
        "down":  { "uv": [ 8.25, 12, 7.75, 9.5 ], "texture": "#texture" },
        "up":    { "uv": [ 7.75, 9.5, 8.25, 12 ], "texture": "#texture" },
        "north": { "uv": [ 7.75, 3, 8.25, 3.5 ], "texture": "#texture" },
        "south": { "uv": [ 7.75, 3, 8.25, 3.5 ], "texture": "#texture" },
        "west":  { "uv": [ 9.5, 3, 12, 3.5 ], "texture": "#texture" },
        "east":  { "uv": [ 4, 3, 6.5, 3.5 ], "texture": "#texture" }
    }
},
{
    "from": [ 7.75, 13, 10.5 ],
    "to": [ 8.25, 13.5, 12.5 ],
    "faces": {
        "down":  { "uv": [ 8.25, 12.5, 7.75, 10.5 ], "texture": "#texture" },
        "up":    { "uv": [ 7.75, 10.5, 8.25, 12.5 ], "texture": "#texture" },
        "north": { "uv": [ 7.75, 2.5, 8.25, 3 ], "texture": "#texture" },
        "south": { "uv": [ 7.75, 2.5, 8.25, 3 ], "texture": "#texture" },
        "west":  { "uv": [ 10, 2.5, 12, 3 ], "texture": "#texture" },
        "east":  { "uv": [ 4, 2.5, 6, 3 ], "texture": "#texture" }
    }
},
{
    "from": [ 8, 12, 6 ],
    "to": [ 8.0625, 16, 10 ],
    "faces": {
        "west":  { "uv": [ 0, 4, 4, 8 ], "texture": "#texture" }
    }
},
{
    "from": [ 7.75, 15.5, 7.5 ],
    "to": [ 8.25, 16.5, 8.5 ],
    "faces": {
        "down":  { "uv": [ 8.25, 8.5, 7.75, 7.5 ], "texture": "#texture", "cullface": "up" },
        "up":    { "uv": [ 7.75, 7.5, 8.25, 8.5 ], "texture": "#texture", "cullface": "up" },
        "north": { "uv": [ 7.75, 0, 8.25, 0.5 ], "texture": "#texture", "cullface": "up" },
        "south": { "uv": [ 7.75, 0, 8.25, 0.5 ], "texture": "#texture", "cullface": "up" },
        "west":  { "uv": [ 7.5, 0, 8.5, 0.5 ], "texture": "#texture", "cullface": "up" },
        "east":  { "uv": [ 7.5, 0, 8.5, 0.5 ], "texture": "#texture", "cullface": "up" }
    }
},
{
    "from": [ 7.75, 16.5, 6.5 ],
    "to": [ 8.25, 17, 7.5 ],
    "faces": {
        "up":    { "uv": [ 7.75, 6.5, 8.25, 7.5 ], "texture": "#texture", "cullface": "up" },
        "north": { "uv": [ 7.75, 0, 8.25, 0 ], "texture": "#texture", "cullface": "up" },
        "south": { "uv": [ 7.75, 0, 8.25, 0 ], "texture": "#texture", "cullface": "up" },
        "west":  { "uv": [ 6.5, 0, 7.5, 0 ], "texture": "#texture", "cullface": "up" },
        "east":  { "uv": [ 8.5, 0, 9.5, 0 ], "texture": "#texture", "cullface": "up" }
    }
},
{
    "from": [ 7.75, 16.5, 8.5 ],
    "to": [ 8.25, 17, 9.5 ],
    "faces": {
        "up":    { "uv": [ 7.75, 8.5, 8.25, 9.5 ], "texture": "#texture", "cullface": "up" },
        "north": { "uv": [ 7.75, 0, 8.25, 0 ], "texture": "#texture", "cullface": "up" },
        "south": { "uv": [ 7.75, 0, 8.25, 0 ], "texture": "#texture", "cullface": "up" },
        "west":  { "uv": [ 8.5, 0, 9.5, 0 ], "texture": "#texture", "cullface": "up" },
        "east":  { "uv": [ 6.5, 0, 7.5, 0 ], "texture": "#texture", "cullface": "up" }
    }
},
{
    "from": [ 7.75, 16, 5.5 ],
    "to": [ 8.25, 16.5, 6.5 ],
    "faces": {
        "up":    { "uv": [ 7.75, 5.5, 8.25, 6.5 ], "texture": "#texture", "cullface": "up" },
        "north": { "uv": [ 7.75, 0, 8.25, 0 ], "texture": "#texture", "cullface": "up" },
        "west":  { "uv": [ 5.5, 0, 6.5, 0 ], "texture": "#texture", "cullface": "up" },
        "east":  { "uv": [ 9.5, 0, 10.5, 0 ], "texture": "#texture", "cullface": "up" }
    }
},
{
    "from": [ 7.75, 15.5, 4.5 ],
    "to": [ 8.25, 16, 5.5 ],
    "faces": {
        "down":  { "uv": [ 8.25, 5.5, 7.75, 4.5 ], "texture": "#texture" },
        "up":    { "uv": [ 7.75, 4.5, 8.25, 5.5 ], "texture": "#texture", "cullface": "up" },
        "north": { "uv": [ 7.75, 0, 8.25, 0.5 ], "texture": "#texture" },
        "west":  { "uv": [ 4.5, 0, 5.5, 0.5 ], "texture": "#texture" },
        "east":  { "uv": [ 10.5, 0, 11.5, 0.5 ], "texture": "#texture" }
    }
},
{
    "from": [ 7.75, 15, 4 ],
    "to": [ 8.25, 15.5, 5 ],
    "faces": {
        "down":  { "uv": [ 8.25, 5, 7.75, 4 ], "texture": "#texture" },
        "up":    { "uv": [ 7.75, 4, 8.25, 5 ], "texture": "#texture" },
        "north": { "uv": [ 7.75, 0.5, 8.25, 1 ], "texture": "#texture" },
        "south": { "uv": [ 7.75, 0.5, 8.25, 1 ], "texture": "#texture" },
        "west":  { "uv": [ 4, 0.5, 5, 1 ], "texture": "#texture" },
        "east":  { "uv": [ 11, 0.5, 12, 1 ], "texture": "#texture" }
    }
},
{
    "from": [ 7.75, 16, 9.5 ],
    "to": [ 8.25, 16.5, 10.5 ],
    "faces": {
        "up":    { "uv": [ 7.75, 9.5, 8.25, 10.5 ], "texture": "#texture", "cullface": "up" },
        "south": { "uv": [ 7.75, 0, 8.25, 0 ], "texture": "#texture", "cullface": "up" },
        "west":  { "uv": [ 9.5, 0, 10.5, 0 ], "texture": "#texture", "cullface": "up" },
        "east":  { "uv": [ 5.5, 0, 6.5, 0 ], "texture": "#texture", "cullface": "up" }
    }
},
{
    "from": [ 7.75, 15.5, 10.5 ],
    "to": [ 8.25, 16, 11.5 ],
    "faces": {
        "down":  { "uv": [ 8.25, 11.5, 7.75, 10.5 ], "texture": "#texture" },
        "up":    { "uv": [ 7.75, 10.5, 8.25, 11.5 ], "texture": "#texture", "cullface": "up" },
        "south": { "uv": [ 7.75, 0, 8.25, 0.5 ], "texture": "#texture" },
        "west":  { "uv": [ 10.5, 0, 11.5, 0.5 ], "texture": "#texture" },
        "east":  { "uv": [ 4.5, 0, 5.5, 0.5 ], "texture": "#texture" }
    }
},
{
    "from": [ 7.75, 15, 11 ],
    "to": [ 8.25, 15.5, 12 ],
    "faces": {
        "down":  { "uv": [ 8.25, 12, 7.75, 11 ], "texture": "#texture" },
        "up":    { "uv": [ 7.75, 11, 8.25, 12 ], "texture": "#texture" },
        "north": { "uv": [ 7.75, 0.5, 8.25, 1 ], "texture": "#texture" },
        "south": { "uv": [ 7.75, 0.5, 8.25, 1 ], "texture": "#texture" },
        "west":  { "uv": [ 11, 0.5, 12, 1 ], "texture": "#texture" },
        "east":  { "uv": [ 4, 0.5, 5, 1 ], "texture": "#texture" }
    }
},
{
    "from": [ 8, 9, 7 ],
    "to": [ 8.0625, 12, 9 ],
    "faces": {
        "west":  { "uv": [ 12, 0, 14, 3 ], "texture": "#texture" },
        "east":  { "uv": [ 12, 0, 14, 3 ], "texture": "#texture" }
    }
},
{
    "from": [ 7.5, 8.5, 7 ],
    "to": [ 8.5, 9, 9 ],
    "faces": {
        "down":  { "uv": [ 8.5, 9, 7.5, 7 ], "texture": "#texture" },
        "up":    { "uv": [ 7.5, 7, 8.5, 9 ], "texture": "#texture" },
        "north": { "uv": [ 7.5, 7, 8.5, 7.5 ], "texture": "#texture" },
        "south": { "uv": [ 7.5, 7, 8.5, 7.5 ], "texture": "#texture" },
        "west":  { "uv": [ 7, 7, 9, 7.5 ], "texture": "#texture" },
        "east":  { "uv": [ 7, 7, 9, 7.5 ], "texture": "#texture" }
    }
},
{
    "from": [ 7.5, 9, 6.5 ],
    "to": [ 8.5, 9.5, 7.5 ],
    "faces": {
        "down":  { "uv": [ 8.5, 7.5, 7.5, 6.5 ], "texture": "#texture" },
        "up":    { "uv": [ 7.5, 6.5, 8.5, 7.5 ], "texture": "#texture" },
        "north": { "uv": [ 7.5, 6.5, 8.5, 7 ], "texture": "#texture" },
        "south": { "uv": [ 7.5, 6.5, 8.5, 7 ], "texture": "#texture" },
        "west":  { "uv": [ 6.5, 6.5, 7.5, 7 ], "texture": "#texture" },
        "east":  { "uv": [ 8.5, 6.5, 9.5, 7 ], "texture": "#texture" }
    }
},
{
    "from": [ 7.5, 9.5, 6 ],
    "to": [ 8.5, 10, 7 ],
    "faces": {
        "down":  { "uv": [ 8.5, 7, 7.5, 6 ], "texture": "#texture" },
        "north": { "uv": [ 7.5, 6, 8.5, 6.5 ], "texture": "#texture" },
        "south": { "uv": [ 7.5, 6, 8.5, 6.5 ], "texture": "#texture" },
        "west":  { "uv": [ 6, 6, 7, 6.5 ], "texture": "#texture" },
        "east":  { "uv": [ 9, 6, 10, 6.5 ], "texture": "#texture" }
    }
},
{
    "from": [ 7.5, 10, 5.5 ],
    "to": [ 8.5, 10.5, 7 ],
    "faces": {
        "down":  { "uv": [ 8.5, 7, 7.5, 5.5 ], "texture": "#texture" },
        "up":    { "uv": [ 7.5, 5.5, 8.5, 7 ], "texture": "#texture" },
        "north": { "uv": [ 7.5, 5.5, 8.5, 6 ], "texture": "#texture" },
        "south": { "uv": [ 7.5, 5.5, 8.5, 6 ], "texture": "#texture" },
        "west":  { "uv": [ 5.5, 5.5, 7, 6 ], "texture": "#texture" },
        "east":  { "uv": [ 9, 5.5, 10.5, 6 ], "texture": "#texture" }
    }
},
{
    "from": [ 7.5, 10, 9 ],
    "to": [ 8.5, 10.5, 10.5 ],
    "faces": {
        "down":  { "uv": [ 8.5, 10.5, 7.5, 9 ], "texture": "#texture" },
        "up":    { "uv": [ 7.5, 9, 8.5, 10.5 ], "texture": "#texture" },
        "north": { "uv": [ 7.5, 5.5, 8.5, 6 ], "texture": "#texture" },
        "south": { "uv": [ 7.5, 5.5, 8.5, 6 ], "texture": "#texture" },
        "west":  { "uv": [ 9, 5.5, 10.5, 6 ], "texture": "#texture" },
        "east":  { "uv": [ 5.5, 5.5, 7, 6 ], "texture": "#texture" }
    }
},
{
    "from": [ 7.5, 9.5, 9 ],
    "to": [ 8.5, 10, 10 ],
    "faces": {
        "down":  { "uv": [ 8.5, 10, 7.5, 9 ], "texture": "#texture" },
        "north": { "uv": [ 7.5, 6, 8.5, 6.5 ], "texture": "#texture" },
        "south": { "uv": [ 7.5, 6, 8.5, 6.5 ], "texture": "#texture" },
        "west":  { "uv": [ 9, 6, 10, 6.5 ], "texture": "#texture" },
        "east":  { "uv": [ 6, 6, 7, 6.5 ], "texture": "#texture" }
    }
},
{
    "from": [ 7.5, 9, 8.5 ],
    "to": [ 8.5, 9.5, 9.5 ],
    "faces": {
        "down":  { "uv": [ 8.5, 9.5, 7.5, 8.5 ], "texture": "#texture" },
        "up":    { "uv": [ 7.5, 8.5, 8.5, 9.5 ], "texture": "#texture" },
        "north": { "uv": [ 7.5, 6.5, 8.5, 7 ], "texture": "#texture" },
        "south": { "uv": [ 7.5, 6.5, 8.5, 7 ], "texture": "#texture" },
        "west":  { "uv": [ 8.5, 6.5, 9.5, 7 ], "texture": "#texture" },
        "east":  { "uv": [ 6.5, 6.5, 7.5, 7 ], "texture": "#texture" }
    }
},
{
    "from": [ 7.5, 10.5, 6 ],
    "to": [ 8.5, 11, 7.5 ],
    "faces": {
        "down":  { "uv": [ 8.5, 7.5, 7.5, 6 ], "texture": "#texture" },
        "north": { "uv": [ 7.5, 5, 8.5, 5.5 ], "texture": "#texture" },
        "south": { "uv": [ 7.5, 5, 8.5, 5.5 ], "texture": "#texture" },
        "west":  { "uv": [ 6, 5, 7.5, 5.5 ], "texture": "#texture" },
        "east":  { "uv": [ 8.5, 5, 10, 5.5 ], "texture": "#texture" }
    }
},
{
    "from": [ 7.5, 10.5, 8.5 ],
    "to": [ 8.5, 11, 10 ],
    "faces": {
        "down":  { "uv": [ 8.5, 10, 7.5, 8.5 ], "texture": "#texture" },
        "north": { "uv": [ 7.5, 5, 8.5, 5.5 ], "texture": "#texture" },
        "south": { "uv": [ 7.5, 5, 8.5, 5.5 ], "texture": "#texture" },
        "west":  { "uv": [ 8.5, 5, 10, 5.5 ], "texture": "#texture" },
        "east":  { "uv": [ 6, 5, 7.5, 5.5 ], "texture": "#texture" }
    }
},
{
    "from": [ 7.5, 11, 5.5 ],
    "to": [ 8.5, 12, 7.5 ],
    "faces": {
        "down":  { "uv": [ 8.5, 7.5, 7.5, 5.5 ], "texture": "#texture" },
        "up":    { "uv": [ 7.5, 5.5, 8.5, 7.5 ], "texture": "#texture" },
        "north": { "uv": [ 7.5, 4, 8.5, 5 ], "texture": "#texture" },
        "south": { "uv": [ 7.5, 4, 8.5, 5 ], "texture": "#texture" },
        "west":  { "uv": [ 5.5, 4, 7.5, 5 ], "texture": "#texture" },
        "east":  { "uv": [ 8.5, 4, 10.5, 5 ], "texture": "#texture" }
    }
},
{
    "from": [ 7.5, 11, 8.5 ],
    "to": [ 8.5, 12, 10.5 ],
    "faces": {
        "down":  { "uv": [ 8.5, 10.5, 7.5, 8.5 ], "texture": "#texture" },
        "up":    { "uv": [ 7.5, 8.5, 8.5, 10.5 ], "texture": "#texture" },
        "north": { "uv": [ 7.5, 4, 8.5, 5 ], "texture": "#texture" },
        "south": { "uv": [ 7.5, 4, 8.5, 5 ], "texture": "#texture" },
        "west":  { "uv": [ 8.5, 4, 10.5, 5 ], "texture": "#texture" },
        "east":  { "uv": [ 5.5, 4, 7.5, 5 ], "texture": "#texture" }
    }
},
{
    "from": [ 7.5, 12, 5 ],
    "to": [ 8.5, 12.5, 6.5 ],
    "faces": {
        "down":  { "uv": [ 8.5, 6.5, 7.5, 5 ], "texture": "#texture" },
        "up":    { "uv": [ 7.5, 5, 8.5, 6.5 ], "texture": "#texture" },
        "north": { "uv": [ 7.5, 3.5, 8.5, 4 ], "texture": "#texture" },
        "south": { "uv": [ 7.5, 3.5, 8.5, 4 ], "texture": "#texture" },
        "west":  { "uv": [ 5, 3.5, 6.5, 4 ], "texture": "#texture" },
        "east":  { "uv": [ 9.5, 3.5, 11, 4 ], "texture": "#texture" }
    }
},
{
    "from": [ 7.5, 12, 9.5 ],
    "to": [ 8.5, 12.5, 11 ],
    "faces": {
        "down":  { "uv": [ 8.5, 11, 7.5, 9.5 ], "texture": "#texture" },
        "up":    { "uv": [ 7.5, 9.5, 8.5, 11 ], "texture": "#texture" },
        "north": { "uv": [ 7.5, 3.5, 8.5, 4 ], "texture": "#texture" },
        "south": { "uv": [ 7.5, 3.5, 8.5, 4 ], "texture": "#texture" },
        "west":  { "uv": [ 9.5, 3.5, 11, 4 ], "texture": "#texture" },
        "east":  { "uv": [ 5, 3.5, 6.5, 4 ], "texture": "#texture" }
    }
},
{
    "from": [ 7.5, 12.5, 10.5 ],
    "to": [ 8.5, 13, 11.5 ],
    "faces": {
        "down":  { "uv": [ 8.5, 11.5, 7.5, 10.5 ], "texture": "#texture" },
        "up":    { "uv": [ 7.5, 10.5, 8.5, 11.5 ], "texture": "#texture" },
        "north": { "uv": [ 7.5, 3, 8.5, 3.5 ], "texture": "#texture" },
        "south": { "uv": [ 7.5, 3, 8.5, 3.5 ], "texture": "#texture" },
        "west":  { "uv": [ 10.5, 3, 11.5, 3.5 ], "texture": "#texture" },
        "east":  { "uv": [ 4.5, 3, 5.5, 3.5 ], "texture": "#texture" }
    }
},
{
    "from": [ 7.5, 12.5, 4.5 ],
    "to": [ 8.5, 13, 5.5 ],
    "faces": {
        "down":  { "uv": [ 8.5, 5.5, 7.5, 4.5 ], "texture": "#texture" },
        "up":    { "uv": [ 7.5, 4.5, 8.5, 5.5 ], "texture": "#texture" },
        "north": { "uv": [ 7.5, 3, 8.5, 3.5 ], "texture": "#texture" },
        "south": { "uv": [ 7.5, 3, 8.5, 3.5 ], "texture": "#texture" },
        "west":  { "uv": [ 4.5, 3, 5.5, 3.5 ], "texture": "#texture" },
        "east":  { "uv": [ 10.5, 3, 11.5, 3.5 ], "texture": "#texture" }
    }
},
{
    "from": [ 7.25, 11, 6 ],
    "to": [ 8.75, 12, 6.5 ],
    "faces": {
        "down":  { "uv": [ 8.75, 6.5, 7.25, 6 ], "texture": "#texture" },
        "up":    { "uv": [ 7.25, 6, 8.75, 6.5 ], "texture": "#texture" },
        "north": { "uv": [ 7.25, 4, 8.75, 5 ], "texture": "#texture" },
        "south": { "uv": [ 7.25, 4, 8.75, 5 ], "texture": "#texture" },
        "west":  { "uv": [ 6, 4, 6.5, 5 ], "texture": "#texture" },
        "east":  { "uv": [ 9.5, 4, 10, 5 ], "texture": "#texture" }
    }
},
{
    "from": [ 7.25, 10.5, 6.5 ],
    "to": [ 8.75, 11.5, 7 ],
    "faces": {
        "down":  { "uv": [ 8.75, 7, 7.25, 6.5 ], "texture": "#texture" },
        "up":    { "uv": [ 7.25, 6.5, 8.75, 7 ], "texture": "#texture" },
        "north": { "uv": [ 7.25, 4.5, 8.75, 5.5 ], "texture": "#texture" },
        "south": { "uv": [ 7.25, 4.5, 8.75, 5.5 ], "texture": "#texture" },
        "west":  { "uv": [ 6.5, 4.5, 7, 5.5 ], "texture": "#texture" },
        "east":  { "uv": [ 9, 4.5, 9.5, 5.5 ], "texture": "#texture" }
    }
},
{
    "from": [ 7.25, 10, 6 ],
    "to": [ 8.75, 10.5, 6.5 ],
    "faces": {
        "down":  { "uv": [ 8.75, 6.5, 7.25, 6 ], "texture": "#texture" },
        "up":    { "uv": [ 7.25, 6, 8.75, 6.5 ], "texture": "#texture" },
        "north": { "uv": [ 7.25, 5.5, 8.75, 6 ], "texture": "#texture" },
        "south": { "uv": [ 7.25, 5.5, 8.75, 6 ], "texture": "#texture" },
        "west":  { "uv": [ 6, 5.5, 6.5, 6 ], "texture": "#texture" },
        "east":  { "uv": [ 9.5, 5.5, 10, 6 ], "texture": "#texture" }
    }
},
{
    "from": [ 7.25, 10, 9.5 ],
    "to": [ 8.75, 10.5, 10 ],
    "faces": {
        "down":  { "uv": [ 8.75, 10, 7.25, 9.5 ], "texture": "#texture" },
        "up":    { "uv": [ 7.25, 9.5, 8.75, 10 ], "texture": "#texture" },
        "north": { "uv": [ 7.25, 5.5, 8.75, 6 ], "texture": "#texture" },
        "south": { "uv": [ 7.25, 5.5, 8.75, 6 ], "texture": "#texture" },
        "west":  { "uv": [ 9.5, 5.5, 10, 6 ], "texture": "#texture" },
        "east":  { "uv": [ 6, 5.5, 6.5, 6 ], "texture": "#texture" }
    }
},
{
    "from": [ 7.25, 10.5, 9 ],
    "to": [ 8.75, 11.5, 9.5 ],
    "faces": {
        "down":  { "uv": [ 8.75, 9.5, 7.25, 9 ], "texture": "#texture" },
        "up":    { "uv": [ 7.25, 9, 8.75, 9.5 ], "texture": "#texture" },
        "north": { "uv": [ 7.25, 4.5, 8.75, 5.5 ], "texture": "#texture" },
        "south": { "uv": [ 7.25, 4.5, 8.75, 5.5 ], "texture": "#texture" },
        "west":  { "uv": [ 9, 4.5, 9.5, 5.5 ], "texture": "#texture" },
        "east":  { "uv": [ 6.5, 4.5, 7, 5.5 ], "texture": "#texture" }
    }
},
{
    "from": [ 7.25, 11, 9.5 ],
    "to": [ 8.75, 12, 10 ],
    "faces": {
        "down":  { "uv": [ 8.75, 10, 7.25, 9.5 ], "texture": "#texture" },
        "up":    { "uv": [ 7.25, 9.5, 8.75, 10 ], "texture": "#texture" },
        "north": { "uv": [ 7.25, 4, 8.75, 5 ], "texture": "#texture" },
        "south": { "uv": [ 7.25, 4, 8.75, 5 ], "texture": "#texture" },
        "west":  { "uv": [ 9.5, 4, 10, 5 ], "texture": "#texture" },
        "east":  { "uv": [ 6, 4, 6.5, 5 ], "texture": "#texture" }
    }
},
{
    "from": [ 7.5, 16, 6.5 ],
    "to": [ 8.5, 16.5, 7.5 ],
    "faces": {
        "down":  { "uv": [ 8.5, 7.5, 7.5, 6.5 ], "texture": "#texture", "cullface": "up" },
        "up":    { "uv": [ 7.5, 6.5, 8.5, 7.5 ], "texture": "#texture", "cullface": "up" },
        "north": { "uv": [ 7.5, 0, 8.5, 0 ], "texture": "#texture", "cullface": "up" },
        "south": { "uv": [ 7.5, 0, 8.5, 0 ], "texture": "#texture", "cullface": "up" },
        "west":  { "uv": [ 6.5, 0, 7.5, 0 ], "texture": "#texture", "cullface": "up" },
        "east":  { "uv": [ 8.5, 0, 9.5, 0 ], "texture": "#texture", "cullface": "up" }
    }
},
{
    "from": [ 7.5, 16, 8.5 ],
    "to": [ 8.5, 16.5, 9.5 ],
    "faces": {
        "down":  { "uv": [ 8.5, 9.5, 7.5, 8.5 ], "texture": "#texture", "cullface": "up" },
        "up":    { "uv": [ 7.5, 8.5, 8.5, 9.5 ], "texture": "#texture", "cullface": "up" },
        "north": { "uv": [ 7.5, 0, 8.5, 0 ], "texture": "#texture", "cullface": "up" },
        "south": { "uv": [ 7.5, 0, 8.5, 0 ], "texture": "#texture", "cullface": "up" },
        "west":  { "uv": [ 8.5, 0, 9.5, 0 ], "texture": "#texture", "cullface": "up" },
        "east":  { "uv": [ 6.5, 0, 7.5, 0 ], "texture": "#texture", "cullface": "up" }
    }
},
{
    "from": [ 7.5, 15.5, 5.5 ],
    "to": [ 8.5, 16, 6.5 ],
    "faces": {
        "down":  { "uv": [ 8.5, 6.5, 7.5, 5.5 ], "texture": "#texture" },
        "up":    { "uv": [ 7.5, 5.5, 8.5, 6.5 ], "texture": "#texture", "cullface": "up" },
        "north": { "uv": [ 7.5, 0, 8.5, 0.5 ], "texture": "#texture" },
        "south": { "uv": [ 7.5, 0, 8.5, 0.5 ], "texture": "#texture" },
        "west":  { "uv": [ 5.5, 0, 6.5, 0.5 ], "texture": "#texture" },
        "east":  { "uv": [ 9.5, 0, 10.5, 0.5 ], "texture": "#texture" }
    }
},
{
    "from": [ 7.5, 15.5, 9.5 ],
    "to": [ 8.5, 16, 10.5 ],
    "faces": {
        "down":  { "uv": [ 8.5, 10.5, 7.5, 9.5 ], "texture": "#texture" },
        "up":    { "uv": [ 7.5, 9.5, 8.5, 10.5 ], "texture": "#texture", "cullface": "up" },
        "north": { "uv": [ 7.5, 0, 8.5, 0.5 ], "texture": "#texture" },
        "south": { "uv": [ 7.5, 0, 8.5, 0.5 ], "texture": "#texture" },
        "west":  { "uv": [ 9.5, 0, 10.5, 0.5 ], "texture": "#texture" },
        "east":  { "uv": [ 5.5, 0, 6.5, 0.5 ], "texture": "#texture" }
    }
},
{
    "from": [ 7.5, -13.5, 8 ],
    "to": [ 8, -12.5, 8.5 ],
    "faces": {
        "down":  { "uv": [ 8.5, 8.5, 8, 8 ], "texture": "#texture", "cullface": "down" },
        "up":    { "uv": [ 7.5, 8, 8, 8.5 ], "texture": "#texture", "cullface": "down" },
        "north": { "uv": [ 8, 16, 8.5, 16 ], "texture": "#texture", "cullface": "down" },
        "south": { "uv": [ 7.5, 16, 8, 16 ], "texture": "#texture", "cullface": "down" },
        "west":  { "uv": [ 8, 16, 8.5, 16 ], "texture": "#texture", "cullface": "down" },
        "east":  { "uv": [ 7.5, 16, 8, 16 ], "texture": "#texture", "cullface": "down" }
    }
},
{
    "from": [ 7.5, -14.5, 7.5 ],
    "to": [ 8, -13.5, 8 ],
    "faces": {
        "down":  { "uv": [ 8.5, 8, 8, 7.5 ], "texture": "#texture", "cullface": "down" },
        "up":    { "uv": [ 7.5, 7.5, 8, 8 ], "texture": "#texture", "cullface": "down" },
        "north": { "uv": [ 8, 16, 8.5, 16 ], "texture": "#texture", "cullface": "down" },
        "south": { "uv": [ 7.5, 16, 8, 16 ], "texture": "#texture", "cullface": "down" },
        "west":  { "uv": [ 7.5, 16, 8, 16 ], "texture": "#texture", "cullface": "down" },
        "east":  { "uv": [ 8, 16, 8.5, 16 ], "texture": "#texture", "cullface": "down" }
    }
},
{
    "from": [ 7.5, -15, 7 ],
    "to": [ 8, -14.5, 7.5 ],
    "faces": {
        "down":  { "uv": [ 7.5, 7, 8, 7.5 ], "texture": "#texture", "cullface": "down" },
        "up":    { "uv": [ 7.5, 7, 8, 7.5 ], "texture": "#texture", "cullface": "down" },
        "north": { "uv": [ 7.5, 15.5, 8, 16 ], "texture": "#texture", "cullface": "down" },
        "south": { "uv": [ 7.5, 15.5, 8, 16 ], "texture": "#texture", "cullface": "down" },
        "west":  { "uv": [ 7, 15.5, 7.5, 16 ], "texture": "#texture", "cullface": "down" },
        "east":  { "uv": [ 7, 15.5, 7.5, 16 ], "texture": "#texture", "cullface": "down" }
    }
},
{
    "from": [ 8, -13.5, 7.5 ],
    "to": [ 8.5, -12.5, 8 ],
    "faces": {
        "down":  { "uv": [ 8, 8, 7.5, 7.5 ], "texture": "#texture", "cullface": "down" },
        "up":    { "uv": [ 8, 7.5, 8.5, 8 ], "texture": "#texture", "cullface": "down" },
        "north": { "uv": [ 7.5, 16, 8, 16 ], "texture": "#texture", "cullface": "down" },
        "south": { "uv": [ 8, 16, 8.5, 16 ], "texture": "#texture", "cullface": "down" },
        "west":  { "uv": [ 7.5, 16, 8, 16 ], "texture": "#texture", "cullface": "down" },
        "east":  { "uv": [ 8, 16, 8.5, 16 ], "texture": "#texture", "cullface": "down" }
    }
},
{
    "from": [ 8, -14.5, 8 ],
    "to": [ 8.5, -13.5, 8.5 ],
    "faces": {
        "down":  { "uv": [ 8, 8.5, 7.5, 8 ], "texture": "#texture", "cullface": "down" },
        "up":    { "uv": [ 8, 8, 8.5, 8.5 ], "texture": "#texture", "cullface": "down" },
        "north": { "uv": [ 7.5, 16, 8, 16 ], "texture": "#texture", "cullface": "down" },
        "south": { "uv": [ 8, 16, 8.5, 16 ], "texture": "#texture", "cullface": "down" },
        "west":  { "uv": [ 8, 16, 8.5, 16 ], "texture": "#texture", "cullface": "down" },
        "east":  { "uv": [ 7.5, 16, 8, 16 ], "texture": "#texture", "cullface": "down" }
    }
},
{
    "from": [ 8, -15, 8.5 ],
    "to": [ 8.5, -14.5, 9 ],
    "faces": {
        "down":  { "uv": [ 8, 8.5, 8.5, 9 ], "texture": "#texture", "cullface": "down" },
        "up":    { "uv": [ 8, 8.5, 8.5, 9 ], "texture": "#texture", "cullface": "down" },
        "north": { "uv": [ 8, 15.5, 8.5, 16 ], "texture": "#texture", "cullface": "down" },
        "south": { "uv": [ 8, 15.5, 8.5, 16 ], "texture": "#texture", "cullface": "down" },
        "west":  { "uv": [ 8.5, 15.5, 9, 16 ], "texture": "#texture", "cullface": "down" },
        "east":  { "uv": [ 8.5, 15.5, 9, 16 ], "texture": "#texture", "cullface": "down" }
    }
},
{
    "from": [ 8, -2, 2.5 ],
    "to": [ 8.0625, 9, 7.5 ],
    "faces": {
        "west":  { "uv": [ 0, 8, 4.5, 16 ], "texture": "#texture" }
    }
}
],
"display": {
    "thirdperson_righthand": {
        "rotation": [ 0, 0, 0 ],
        "translation": [ 0, 6.43, 1.89 ],
        "scale": [ 1.2, 1.2, 1.2 ]
    },
    "ground": {
        "rotation": [ 45, 0, 0 ],
        "translation": [ 0, 6.05, 0 ],
        "scale": [ 0.35, 0.35, 0.35 ]
    },
    "fixed": {
        "rotation": [ 90, -45, 90 ],
        "translation": [ -3.4, 3.4, -0.1 ],
        "scale": [ 0.8, 0.8, 0.8 ]
    },
    "firstperson_righthand": {
        "rotation": [ 18, 3, -3 ],
        "translation": [ 6.24, 3.97, -4.34 ],
        "scale": [ 1.2, 1.2, 1.2 ]
    },
    "gui": {
        "rotation": [ 90, 45, -90 ],
        "translation": [ 2.46, 2.46, 0 ],
        "scale": [ 0.6, 0.6, 0.6 ]
    }
}
}