{
    "parent": "item/shield",
"display": {
    "thirdperson_righthand": {
        "rotation": [ 54, -40, 0 ],
        "translation": [ 0.76, 1.7, 0 ],
        "scale": [ 1.2, 1.2, 1.2 ]
    },
    "head": {
        "rotation": [ 0, 0, 0 ],
        "translation": [ 8.13, -19.28, -8.13 ],
        "scale": [ 1.8, 1.8, 1.8 ]
    },
    "ground": {
        "rotation": [ 0, 0, 0 ],
        "translation": [ 0, 2, 0 ],
        "scale": [ 0.4, 0.4, 0.4 ]
    },
    "fixed": {
        "rotation": [ 0, 0, 0 ],
        "translation": [ 0, 0, -0.94 ],
        "scale": [ 1, 1, 1 ]
    },
    "firstperson_righthand": {
        "rotation": [ 0, -9, 0 ],
        "translation": [ -0.56, -1.12, -2.46 ],
        "scale": [ 1, 1, 1 ]
    },
    "gui": {
        "rotation": [ 0, 0, -45 ],
        "translation": [ 0, 0, 0 ],
        "scale": [ 1, 1, 1 ]
    }
}
}